0,50.42495798,-3.59579735,32.74316159,-0.048953661,10.03264194,0.03872794
0.5,50.42494591,-3.595739959,34.34081273,0.010934971,10.0069236,-0.013958994
1,50.42493625,-3.595670991,34.8258779,-8.06E-05,9.99522065,0.028692857
1.5,50.42493509,-3.59560062,35.19681524,-0.030574748,10.01829918,0.017447952
2,50.424936,-3.595528176,35.66400114,-0.019460625,10.01123268,0.018675751
2.5,50.42493863,-3.59545875,35.51915215,-0.001597284,10.02568597,0.068312478
3,50.42494041,-3.59539188,36.18372106,-0.015408055,10.01107855,0.001136274
3.5,50.42493431,-3.595322184,36.3392831,-0.011540019,10.01265056,0.015914886
4,50.42493461,-3.595252941,36.60362227,-0.006894282,10.00421265,-0.0141162
4.5,50.42493637,-3.59518224,36.90798991,0.019513772,10.00028168,-0.002172191
5,50.42493747,-3.595112771,37.05169781,-0.008632941,10.00697398,0.031498291
5.5,50.42493869,-3.595043264,37.3775545,0.01482342,9.991646973,0.008734975
6,50.42493856,-3.594973136,37.56001299,0.009194684,9.999586182,-0.044663892
6.5,50.42493764,-3.594902249,37.5259925,0.005311568,9.998636198,0.002016542
7,50.42493756,-3.594830879,37.5837924,0.002802917,9.998465245,-0.023781448
7.5,50.42493694,-3.594760727,37.66802318,-0.010920427,9.973894393,-0.020079324
8,50.42493653,-3.594689535,37.62886158,-0.021733187,9.979311768,-0.006019517
8.5,50.42493519,-3.594618841,37.73530413,-0.065855252,9.991348871,0.026437085
9,50.42493447,-3.594549613,37.71311165,-0.040937561,9.977525894,0.064285817
9.5,50.42493427,-3.594478862,37.63896469,-0.023553901,10.01953144,0.045760463
10,50.42493538,-3.594411611,37.82106314,-0.037461588,9.998610288,0.007402813
10.5,50.4249374,-3.594341245,38.32333282,0.01483662,10.49318835,-0.003559676
11,50.42493766,-3.594264726,38.44233825,-0.015080977,10.98586329,0.02413955
11.5,50.42493849,-3.59418781,38.63625848,0.014778661,11.4884247,-0.02359256
12,50.42493874,-3.594105181,38.78680671,-0.004745932,11.96994509,0.039264861
12.5,50.42493888,-3.594018124,39.02558059,0.005264604,12.51368966,0.043045059
13,50.4249378,-3.593927636,39.11324105,0.023186411,12.99430969,-0.01747914
13.5,50.42493823,-3.593834179,39.18921126,0.01954842,13.49964169,0.012554981
14,50.42493931,-3.593737406,39.26367756,-0.00115233,13.98799463,-0.041398604
14.5,50.42493847,-3.5936369,39.24109659,0.040239108,14.5027414,-0.040634754
15,50.42493768,-3.593532738,39.05189459,0.044157692,14.99695842,-0.010517986
15.5,50.42493761,-3.593426735,39.0987294,-0.029049754,15.51034206,-0.01466613
16,50.42493805,-3.593316368,39.06510117,0.003308616,16.01198541,-0.011141035
16.5,50.42493871,-3.59320172,39.22328987,-0.009343613,16.50217368,0.000182772
17,50.42493865,-3.593083138,39.18475314,0.017540396,16.9935057,0.034160607
17.5,50.42493898,-3.592960403,39.21874778,0.015668765,17.48850503,0.036547729
18,50.42493871,-3.59283548,39.28855189,0.030700738,17.99521812,0.000409102
18.5,50.42493771,-3.592707047,39.26549395,-0.010891655,18.50718098,0.031958105
19,50.42493759,-3.592575538,39.34547607,-0.011116196,19.00320656,0.005011166
19.5,50.42493687,-3.592439176,39.38954594,-0.0097673,19.50924603,-0.006085917
20,50.42493674,-3.592300009,39.49303663,0.017712716,20.01159578,0.0105739
20.5,50.42493619,-3.59215849,39.39287837,-0.001912462,20.01302364,0.002886445
21,50.42493658,-3.592018581,39.6032531,0.009987334,20.00212651,-0.01611817
21.5,50.42493656,-3.591877475,39.62612338,0.011701289,19.977487,0.021763698
22,50.42493668,-3.59173626,39.60676332,0.040343644,19.99698441,-0.013726516
22.5,50.42493655,-3.591594513,39.5421377,0.013687223,19.99728879,0.007506318
23,50.42493734,-3.591453932,39.53397719,0.034426345,20.00067186,-0.011558103
23.5,50.42493693,-3.591312823,39.56226707,-0.010052597,19.99938704,-0.001386216
24,50.42493624,-3.591172173,39.5767773,-0.005505953,19.98040391,-0.05553751
24.5,50.42493595,-3.591031269,39.66331452,-0.022297499,20.00894913,-0.013418079
25,50.42493598,-3.59089013,39.61118041,-0.012516845,20.0191942,0.050464644
25.5,50.42493465,-3.590748863,39.53267316,-0.016946586,20.0052616,-0.010039991
26,50.42493462,-3.590608118,39.60066621,0.003172996,20.01512975,0.02649927
26.5,50.42493479,-3.590467256,39.68263415,0.010893867,19.99043272,-0.026386607
27,50.42493554,-3.590325809,39.67595917,0.002114371,19.99769532,0.010257443
27.5,50.42493586,-3.590184375,39.6183376,0.052659433,19.99527085,-0.030572743
28,50.42493521,-3.590043986,39.58619444,0.001953508,19.98248443,-0.002641027
28.5,50.42493514,-3.589902759,39.6520757,-0.019772348,19.9932731,-0.062920159
29,50.42493504,-3.589763155,39.72036645,0.03111477,19.99767825,-0.051576009
29.5,50.42493462,-3.589623612,39.68176648,0.004170657,20.00117852,-0.034410297
30,50.42493459,-3.589482061,39.71467538,-0.026669134,20.00821768,0.06336519
30.5,50.4249349,-3.589342202,39.79712194,0.000242774,19.49290966,0.024462814
31,50.42493436,-3.589205857,39.79575743,-0.017152709,19.01631623,0.032703715
31.5,50.42493412,-3.589073978,39.80107346,0.01082701,18.50463633,0.00727102
32,50.42493402,-3.588945735,39.78281521,0.040209596,17.99158607,-0.033927396
32.5,50.4249341,-3.588820536,39.78829303,0.012942138,17.51065817,0.00444455
33,50.42493341,-3.588700088,39.78932532,-0.020037497,17.00795956,0.064142295
33.5,50.4249335,-3.588583008,39.73081948,0.012234681,16.50609315,0.02060486
34,50.42493393,-3.588469901,39.73916566,-0.006385515,16.00735016,-0.009866501
34.5,50.42493398,-3.588358619,39.86098084,-0.014810717,15.5201824,-0.036574754
35,50.42493384,-3.588250466,39.75965753,0.007006792,14.98351744,0.018915124
35.5,50.42493344,-3.588148253,39.64137193,-0.039442542,14.50237388,0.074602516
36,50.42493283,-3.588047287,39.53563317,0.036823337,14.00220464,0.01849782
36.5,50.42493315,-3.587950487,39.55675576,0.014344787,13.49584003,-0.058210127
37,50.4249336,-3.587855857,39.65536545,0.004236667,13.00624169,0.034019274
37.5,50.42493372,-3.587766919,39.63360255,0.001695138,12.51147826,0.038744772
38,50.42493447,-3.587681774,39.73385473,-0.002028925,12.01270074,0.005049571
38.5,50.42493482,-3.58759938,39.6446216,0.006407595,11.47773554,0.029550272
39,50.4249349,-3.587520011,39.71288918,-0.011570666,10.97799426,-0.036484638
39.5,50.42493518,-3.587444674,39.7110386,-0.009106859,10.489511,-0.004076225
40,50.42493515,-3.587372343,39.86628697,-0.00170411,10.00332715,-0.010388683
40.5,50.42492476,-3.587304585,39.87960077,-4.374855693,8.969634248,-0.045856692
41,50.42489707,-3.587253138,39.8200276,-8.128058974,5.773612223,-0.019236983
41.5,50.42485655,-3.587229307,39.84901691,-9.971579917,1.20708888,-0.004230224
42,50.42481076,-3.587225663,39.97874112,-10.32572284,0.010068981,0.054744773
42.5,50.42476339,-3.587225211,39.9709494,-10.83686486,0.00104826,0.006897099
43,50.42471333,-3.587225791,40.00477732,-11.33775958,-0.020184218,0.001433768
43.5,50.42466194,-3.587226483,40.06526632,-11.81295196,0.002582193,-0.012245021
44,50.42460716,-3.58722605,40.06031973,-12.32125412,0.019132768,-0.016953636
44.5,50.42455151,-3.587224976,40.02684944,-12.8812473,-0.015570261,-0.008926822
45,50.42449233,-3.5872248,39.96658809,-13.36575268,0.004234693,-0.003424597
45.5,50.42443136,-3.58722552,40.0088053,-13.83398706,-5.48E-05,0.021356117
46,50.42436862,-3.587226154,40.06139432,-14.34913343,-0.019119037,0.016931233
46.5,50.42430301,-3.587226608,40.07087971,-14.83852485,-0.009697449,0.034255947
47,50.42423579,-3.58722752,40.11083392,-15.33363107,0.002613749,0.004365765
47.5,50.42416543,-3.587227794,40.15008686,-15.83055132,-0.012504737,-0.035793588
48,50.42409266,-3.587227555,40.16331978,-16.34858647,0.001428805,0.018815872
48.5,50.42401826,-3.587228849,40.13791515,-16.88730303,0.012451932,0.05442782
49,50.42394182,-3.587228228,40.11503942,-17.31861313,0.014090686,0.009041631
49.5,50.42386249,-3.587228026,39.95759289,-17.82371918,-0.00871032,-0.023411274
50,50.42378133,-3.587227237,40.00062138,-18.3103893,0.00062206,-0.006495558
50.5,50.4236973,-3.587227419,39.9690403,-18.87066447,-0.004315883,0.015813448
51,50.42361095,-3.587227725,40.01335384,-19.38775229,0.000635762,-0.010259512
51.5,50.42352283,-3.587227619,40.11947616,-19.8640465,-0.004530419,0.038403521
52,50.42343439,-3.587227881,40.13424587,-19.95321751,-0.010059534,0.002612024
52.5,50.42334437,-3.587227531,40.18963841,-19.99585055,-0.007885025,0.003927778
53,50.42325412,-3.587227322,40.27207726,-20.00491814,-0.011870149,0.016328944
53.5,50.42316409,-3.587227611,40.35525391,-20.00257183,0.000644151,0.043001554
54,50.42307361,-3.587226466,40.30703128,-20.01115382,-0.003508653,-0.011467159
54.5,50.42298339,-3.587227386,40.28860655,-19.97655238,-0.007023736,-0.013437149
55,50.42289393,-3.587227254,40.24064864,-19.98406639,-0.008622051,-0.009390279
55.5,50.42280411,-3.587227484,40.26517565,-19.99939943,0.001942997,-0.007467982
56,50.42271451,-3.587227132,40.31692715,-20.01336799,-0.009479405,0.031489161
56.5,50.42262435,-3.587226424,40.32560633,-20.02179328,-0.006131907,0.097577944
57,50.42253418,-3.587225778,40.28210158,-19.98491485,0.006039383,0.012550189
57.5,50.42244449,-3.587225058,40.29128487,-20.04281825,0.000862134,0.053950406
58,50.42235424,-3.587224861,40.29300618,-20.01247846,0.001826173,-0.024435922
58.5,50.42226448,-3.587224664,40.31198799,-19.96050494,-0.00714537,-0.036087684
59,50.42217477,-3.587224208,40.37820313,-20.02188944,-0.004888488,-0.025619673
59.5,50.42208427,-3.587223799,40.38322777,-19.97687556,-0.016071828,-0.056436115
60,50.42199495,-3.587223188,40.39971039,-20.00023455,-0.003386306,-0.002607082
60.5,50.42190464,-3.58722278,40.34055728,-19.94287483,0.00286292,-0.002636455
61,50.42181479,-3.587222207,40.33198736,-20.03007476,0.005892669,-0.006788337
61.5,50.42172494,-3.587222376,40.34145346,-20.03115289,0.006265246,0.014483205
62,50.42163421,-3.587219799,40.4119724,-19.98387902,0.634410679,-0.014851185
62.5,50.42154449,-3.587211314,40.42690334,-19.94324424,1.602260707,0.003706682
63,50.42145531,-3.587196647,40.48093527,-19.82788769,2.626737246,0.005921277
63.5,50.42136704,-3.587175824,40.52769743,-19.68158268,3.611546145,0.003958184
64,50.42127818,-3.587146604,40.5274025,-19.44454687,4.580096454,0.002984264
64.5,50.4211916,-3.587111038,40.57528771,-19.22559583,5.565691769,-0.004551342
65,50.42110583,-3.587067633,40.4765982,-18.90449124,6.5205332,-0.003470715
65.5,50.4210214,-3.58701897,40.47253635,-18.55248147,7.460129895,0.015813328
66,50.42093816,-3.586962915,40.57706327,-18.17638296,8.358496769,-0.0410386
66.5,50.42085732,-3.586900897,40.50833158,-17.72261261,9.274913755,-0.003715111
67,50.42077869,-3.586832926,40.57287314,-17.29845082,10.01334979,-0.00110428
67.5,50.42070079,-3.586762991,40.56142735,-17.30521612,9.99089242,0.00332833
68,50.42062291,-3.586692775,40.5380964,-17.3452386,10.01818258,0.024392444
68.5,50.42054457,-3.586623407,40.52678895,-17.34553663,10.00395889,0.013252076
69,50.42046648,-3.586553153,40.58754629,-17.36228428,9.99759171,-0.058078733
69.5,50.42038883,-3.586482197,40.58313665,-17.30687107,10.00200348,-0.001833216
70,50.42031135,-3.586411861,40.69783191,-17.3440115,9.99416367,-0.016184692
70.5,50.42023315,-3.586341491,40.61998856,-17.29489763,10.00483698,0.025802813
71,50.4201554,-3.586271779,40.61444244,-17.31820785,10.02404409,0.017464813
71.5,50.42007738,-3.586201388,40.61310538,-17.29312375,10.00873214,-0.047787966
72,50.41999941,-3.586130948,40.62703911,-17.31491948,9.99809343,-0.011650715
72.5,50.41992214,-3.586061247,40.65812803,-17.31336267,9.99790853,0.051295114
73,50.41984467,-3.585990222,40.64614093,-17.33298077,10.03086264,0.065384826
73.5,50.41976748,-3.585920596,40.56733014,-17.32038992,9.986513631,-0.038339972
74,50.41968988,-3.585850502,40.50663572,-17.34273247,10.02207939,0.039170102
74.5,50.41961216,-3.585780844,40.43581279,-17.32771961,10.01323797,0.01664719
75,50.41953356,-3.585711024,40.37670181,-17.33857391,9.997953029,0.00473676
75.5,50.41945605,-3.585641345,40.33926049,-17.33366052,10.01443578,-0.000274188
76,50.41937854,-3.585572223,40.41331882,-17.32253753,9.995820972,0.009821726
76.5,50.41930131,-3.585501958,40.3062535,-17.33549964,10.01425732,0.026647503
77,50.41922273,-3.585430755,40.24934547,-17.38493992,10.03666195,0.064635902
77.5,50.41914411,-3.585359276,40.23329897,-17.78888055,10.29543563,0.038082356
78,50.41906306,-3.585285954,40.13954221,-18.25315782,10.54022107,0.039173276
78.5,50.41898007,-3.585211021,40.16285876,-18.71800948,10.76655922,0.014446568
79,50.41889563,-3.585134923,40.09699708,-19.11634454,11.02636371,0.042561674
79.5,50.41880883,-3.585055303,40.09517296,-19.57153127,11.28942418,0.078814218
80,50.41872007,-3.584976142,40.14256876,-19.96206608,11.53408402,-0.061734055
80.5,50.41862927,-3.58489379,40.13474393,-20.41011826,11.78955442,0.01135488
81,50.41853658,-3.584810012,40.17528305,-20.84504042,12.02791316,-0.00135244
81.5,50.41844179,-3.584725297,40.18637906,-21.28255112,12.27392265,-0.005699358
82,50.41834509,-3.584637552,40.22627276,-21.72463982,12.55452276,0.042191807
82.5,50.41824637,-3.584549549,40.23494853,-22.17424125,12.79061896,0.084960491
83,50.41814569,-3.584459296,40.27425904,-22.59809078,13.03092422,-0.027668245
83.5,50.41804374,-3.584366765,40.29185836,-23.02935186,13.27832145,0.011916162
84,50.41793916,-3.584273339,40.37641573,-23.37862215,13.51315936,-0.075364985
84.5,50.41783335,-3.584177241,40.45059306,-23.89343048,13.77971608,-0.014594662
85,50.41772499,-3.584079762,40.42200142,-24.33411944,14.04509582,0.087716414
85.5,50.41761468,-3.583979872,40.41782661,-24.76505668,14.27973442,0.038424902
86,50.41750169,-3.583878584,40.46910528,-25.16219891,14.51642672,-0.024210514
86.5,50.41738768,-3.5837758,40.51762397,-25.61937574,14.79066717,0.074011294
87,50.41727146,-3.583671696,40.57667534,-25.97638353,15.00615435,0.035348119
87.5,50.41715461,-3.583565288,40.56573258,-25.97760348,15.02406434,-0.009663995
88,50.41703832,-3.583460048,40.54976024,-25.95109135,15.00369096,-0.072776877
88.5,50.41692156,-3.5833548,40.57244294,-25.97400893,14.99566248,-0.038138386
89,50.41680423,-3.583248916,40.62173829,-26.00096025,15.01416908,0.003971117
89.5,50.41668731,-3.583143129,40.54677374,-25.98830976,15.00281524,0.057684899
90,50.41657066,-3.583037568,40.51189238,-26.01463756,15.01195484,0.051538318
90.5,50.41645428,-3.582932924,40.57490305,-25.97723858,14.9778512,-0.006975253
91,50.41633759,-3.58282679,40.68062016,-25.98174856,15.00147042,-0.026389666
91.5,50.41622018,-3.582721919,40.72372218,-25.99138264,14.99345914,-0.0130222
92,50.41610303,-3.582616841,40.78514664,-25.98364772,15.00411727,-0.030503324
92.5,50.41598608,-3.582511196,40.82914814,-26.00532285,14.99710518,-0.036136608
93,50.41586981,-3.582405182,40.85035306,-25.99628269,14.99026629,-0.001396624
93.5,50.41575296,-3.582300098,40.82681568,-25.97152592,14.99258816,-0.022753568
94,50.41563632,-3.582194526,40.8188592,-25.97948545,15.01237314,-0.018820923
94.5,50.41551961,-3.582089975,40.7982032,-25.96157915,14.99136889,0.005565725
95,50.41540305,-3.581983185,40.75655035,-26.00821196,15.00235562,0.037049893
95.5,50.41528627,-3.581876952,40.79121947,-25.99103398,15.00985949,-0.002003058
96,50.41516912,-3.581770967,40.78122391,-26.01209407,14.99033114,0.000710325
96.5,50.41505215,-3.581665297,40.76835657,-25.9719736,14.99765193,-0.011099626
97,50.41493483,-3.581560508,40.7555287,-26.05719794,14.90409358,-0.000534999
97.5,50.4148162,-3.581459166,40.71367641,-26.76696532,13.57234981,0.024239092
98,50.4146949,-3.581369435,40.73276485,-27.38448321,12.22661379,0.023595784
98.5,50.41457096,-3.581287527,40.6842121,-27.97359336,10.84366755,0.074201551
99,50.41444466,-3.581216044,40.66980425,-28.45054896,9.45014677,0.006099443
99.5,50.4143156,-3.581154389,40.67312519,-28.92620768,7.991833179,0.00894383
100,50.41418479,-3.581103075,40.70596169,-29.28459055,6.532174687,0.000892335
100.5,50.41405152,-3.581062844,40.65622388,-29.57007218,5.07764323,0.059241789
101,50.41391838,-3.581031539,40.62327718,-29.76767622,3.590501872,-0.034716094
101.5,50.41378462,-3.581011378,40.62267329,-29.91888212,2.0908036,0.01344002
102,50.41365045,-3.581000886,40.60101882,-29.98322287,0.604505219,0.003806198
102.5,50.41351581,-3.580999253,40.62338846,-29.98567099,-0.001762561,-0.018796529
103,50.41338067,-3.580999328,40.56984721,-30.00170908,-0.017079646,0.009164354
103.5,50.41324642,-3.580999577,40.62139761,-30.01737614,0.00744927,-0.019174951
104,50.41311125,-3.580999937,40.60247254,-29.96848947,-0.023892578,0.007325252
104.5,50.41297614,-3.580999423,40.71850732,-29.98814174,-0.00824925,0.014694682
105,50.41284147,-3.581000316,40.71436454,-30.01689946,-0.004230163,0.000496726
105.5,50.41270638,-3.580999235,40.75032312,-30.03329055,0.008765967,0.040793501
106,50.41257148,-3.580999996,40.75642305,-30.00978835,0.013253174,-0.004189144
106.5,50.41243657,-3.58099934,40.75905941,-29.99110913,0.010525442,0.059119217
107,50.41230147,-3.580999683,40.78288773,-30.04988293,-0.002292037,0.010941038
107.5,50.41216624,-3.58100092,40.79361143,-30.02043829,0.000367122,0.034602912
108,50.41203069,-3.580999942,40.78713217,-30.01845661,-0.008688117,0.027267082
108.5,50.41189664,-3.580999795,40.77518141,-30.01911175,-0.003003223,0.016361658
109,50.41176209,-3.58100023,40.83154639,-29.96000945,-0.002240972,-0.06958729
109.5,50.41162741,-3.581000259,40.85728259,-29.97292548,-0.007168649,-0.031890903
110,50.41149241,-3.58099998,40.84458701,-30.00139477,0.021762395,-0.021988067
110.5,50.41135747,-3.58099984,40.82117764,-29.94051485,-0.009242574,-0.031727918
111,50.41122235,-3.581000844,41.00748304,-30.02080708,0.005805906,-0.011227454
111.5,50.41108824,-3.581001623,41.05288098,-29.98583891,-0.005013713,0.007917968
112,50.41095323,-3.581001234,41.12213451,-30.02079819,-0.003265964,-0.009508049
112.5,50.41081978,-3.5810014,41.15123466,-29.49366366,-0.002742945,-0.011841943
113,50.41068843,-3.581001438,41.11182361,-28.71341468,0.011366382,-0.023608531
113.5,50.41056108,-3.581001046,41.07556358,-27.84461786,0.007239548,-0.024295782
114,50.41043747,-3.581001326,41.15330544,-27.04379532,0.016365662,-0.035393862
114.5,50.41031766,-3.581001125,41.19326194,-26.20179911,0.018561641,-0.011293757
115,50.41020242,-3.58100067,41.22254986,-25.36858407,0.009798183,0.024612723
115.5,50.41009003,-3.580999741,41.13580917,-24.56493222,0.011599659,0.023884466
116,50.40998153,-3.580998926,41.09171783,-23.71570203,0.023211311,0.030600134
116.5,50.40987667,-3.580998871,41.06753225,-22.91877902,0.023499353,0.01109759
117,50.40977527,-3.580999538,41.13474724,-22.00081908,-0.006151817,-0.001245182
117.5,50.40967807,-3.580999407,41.11585796,-21.23014828,0.009607616,0.033625435
118,50.40958562,-3.580999963,41.12761611,-20.41710834,0.011114206,0.030324277
118.5,50.40949518,-3.581000594,41.15816309,-19.53281777,-0.001233375,-0.021182789
119,50.40940854,-3.581000674,41.13950917,-18.69719491,0.007002088,0.015771993
119.5,50.40932602,-3.581000333,41.08480017,-17.8901204,0.003203665,0.099803327
120,50.40924848,-3.581000417,41.06158419,-17.02798364,0.022337524,0.01422496
120.5,50.4091737,-3.581001099,41.016992,-16.18048716,0.019922282,0.020968045
121,50.40910332,-3.581001455,41.00160178,-15.36805875,0.006940014,0.0422496
121.5,50.40903682,-3.581001588,40.98269452,-14.52577585,0.007852356,0.002377624
122,50.40897359,-3.581001934,40.94921896,-13.6591664,0.003680257,-0.036146162
122.5,50.40891402,-3.581002544,40.97116091,-12.87349294,7.46E-05,-0.00376992
123,50.40885857,-3.581002966,40.97970053,-12.03997451,0.001400237,0.051674346
123.5,50.4088058,-3.581001935,40.97804216,-11.18649084,-0.010003759,0.038967206
124,50.40875772,-3.581001733,40.95675372,-10.36582538,0.010840984,-0.065027167
124.5,50.40871265,-3.58100227,40.9375174,-9.518060051,-0.01016885,-0.037974316
125,50.40867108,-3.581002997,40.99206474,-8.668087592,0.010988013,0.013512358
125.5,50.40863302,-3.581002829,40.92610775,-7.865766749,-0.004762101,0.067628742
126,50.40860011,-3.58100245,40.92823687,-7.005918175,0.001454189,-0.02776929
126.5,50.40857091,-3.581002211,40.92278408,-6.190251679,-0.003016311,-0.045033592
127,50.40854496,-3.581002311,40.91894629,-5.342412268,-0.001562429,-0.030329555
127.5,50.40852203,-3.580998277,40.88953972,-4.835987523,1.179514893,-0.025969497
128,50.40850284,-3.580981915,40.9852414,-3.740372768,3.359520379,-0.056238051
128.5,50.4084907,-3.580952927,41.00185505,-1.608455744,4.703426876,-0.040773955
129,50.40848781,-3.58091957,41.04927088,0.008718335,4.897092519,-0.011237504
129.5,50.40848759,-3.580886967,41.0509978,0.024772549,4.389621499,-0.023594449
130,50.40848803,-3.58085779,41.04347538,-0.016647049,3.8697511,-0.00583484
130.5,50.40848734,-3.580831362,41.06027029,-0.008914429,3.378196271,-0.068768023
131,50.40848713,-3.580808977,41.03444525,-0.017058501,2.882324806,0.026175237
131.5,50.40848709,-3.580789712,41.00363417,0.005055673,2.369924334,-0.008536517
132,50.40848775,-3.580775208,40.95130947,0.014068614,1.875564267,0.014574906
132.5,50.40848768,-3.580764357,40.9106306,0.039566943,1.367676407,-0.002513942
133,50.40848756,-3.580756628,40.87224919,0.034359121,0.868764675,-0.02716096
133.5,50.40848754,-3.580753054,40.90861792,0.008847703,0.372332416,-0.034850105
134,50.40848731,-3.580751982,41.00305839,0.006231193,0.000495034,-0.007828076
134.5,50.40848708,-3.580752303,41.08161942,-0.010293323,-0.024711274,0.061637534
135,50.408487,-3.580751468,41.04188425,-0.017851829,-0.014244167,-0.073091722
135.5,50.40848799,-3.580751656,41.11168362,0.009234931,0.01163521,-0.02959851
136,50.40848801,-3.580751298,41.11505842,-0.003526607,-0.00352723,-0.044117619
136.5,50.40848791,-3.580751493,41.18691988,0.005070808,0.009794742,0.0122139
137,50.40848825,-3.58075178,41.19571923,-0.031142533,0.010239714,0.011541489
137.5,50.40848782,-3.580751467,41.23242184,0.00068726,0.002301597,0.00584596
138,50.40848741,-3.580751972,41.22455749,-0.003719632,-0.001600272,-0.048646824
138.5,50.40848758,-3.580751406,41.28117779,0.026696712,0.002038541,-0.031777698
139,50.40848749,-3.580752257,41.29252833,-0.002036101,-0.006022368,-0.026363409
139.5,50.40848782,-3.580752389,41.21904935,0.005548685,-0.006317255,0.000681948
140,50.4084874,-3.580752481,41.24912107,0.005519907,0.002163572,0.022468954
140.5,50.4084879,-3.580752564,41.39609185,0.003850613,-0.002801581,0.004549459
141,50.40848757,-3.58075164,41.41841332,-0.007378335,6.55E-06,0.005264434
141.5,50.40848792,-3.58075213,41.50894369,-0.009572431,-0.003182717,0.004013698
142,50.40848766,-3.580751937,41.48778706,0.007540878,-0.012580394,-0.009276076
142.5,50.40848767,-3.580752314,41.4859283,-0.039354917,0.005050798,-0.018323106
143,50.40848809,-3.580751516,41.57336952,-0.038198735,0.003942007,-0.008141968
143.5,50.40848869,-3.580750569,41.59176951,0.008364838,0.003498696,0.022795895
144,50.40848935,-3.580750143,41.60686838,0.015785048,-0.000629449,0.040592568
144.5,50.40848918,-3.580750599,41.61406409,0.020862456,0.005081727,-0.034157437
145,50.40848893,-3.580751547,41.63354703,0.009141166,0.003136693,0.028962095
145.5,50.40848862,-3.580751017,41.663256,-0.017575745,0.007982268,0.028478584
146,50.40848863,-3.580750385,41.58280097,-0.005075384,-0.011047201,-0.006239741
146.5,50.40848895,-3.580750615,41.59453243,0.018305944,0.002154773,-0.022951971
147,50.40848949,-3.580751047,41.63950628,0.000471063,0.000984156,0.002738945
147.5,50.40848997,-3.580751308,41.64346762,0.005739428,0.006759638,0.036709472
148,50.40849058,-3.580751793,41.74737119,0.019935208,-0.004418611,-0.050733545
148.5,50.4084906,-3.580752261,41.79683036,0.011183458,0.003297264,-0.017206469
149,50.40849047,-3.580752185,41.80378616,-0.05107734,0.015391104,0.007443872
149.5,50.40849039,-3.580752008,41.85232296,0.005566918,0.003169347,-0.010894873
150,50.40849033,-3.580752455,41.80831795,0.00314239,0.013321686,0.009401278
150.5,50.40849075,-3.58075175,41.77275717,-0.012407683,-0.002436401,0.025187018
151,50.40849006,-3.580752272,41.72651855,-0.003023986,0.010642697,0.030613231
151.5,50.40849008,-3.580751479,41.76033611,0.000850373,-0.006358164,0.029187041
152,50.40849049,-3.580751456,41.78655839,0.011936838,0.004811352,-0.012421831
152.5,50.40849044,-3.580750813,41.80780368,-0.01842097,-0.011719763,-0.005052286
153,50.40849047,-3.580751714,41.8006587,-0.033788708,-0.011161061,-0.000370345
153.5,50.4084903,-3.580751888,41.78759493,0.020489947,-0.002427078,0.007676329
154,50.40849007,-3.580752588,41.71189691,-0.054884456,-0.003117028,0.053764057
154.5,50.40849,-3.580751789,41.6822208,-0.008768712,0.008625837,0.01139695
155,50.4084901,-3.580751611,41.66769067,0.007493655,0.00955214,0.039489727
155.5,50.40849008,-3.580751879,41.63558293,0.014836184,-0.012045288,-0.044455357
156,50.40849002,-3.580750837,41.68596137,-0.024317334,0.010372363,-0.049752943
156.5,50.40848985,-3.580751755,41.63619738,0.012475019,0.007679227,-0.044459177
157,50.40849104,-3.580751983,41.62946981,0.010129343,-0.008516225,0.037556397
157.5,50.40849107,-3.580751924,41.63908825,0.050199666,0.001351904,-0.047751205
158,50.40849127,-3.580751101,41.63349462,-0.019055957,0.000451431,0.039570645
158.5,50.40849147,-3.580750555,41.60861867,-0.009232151,-0.000643015,0.010211231
159,50.40849089,-3.580751435,41.6859526,-0.004954453,-0.000503743,-0.021466556
159.5,50.40849115,-3.58075108,41.78087879,0.000700505,0.002276643,-0.023518677
160,50.40849158,-3.580750896,41.74159355,0.015325307,0.003292365,-0.010216851
160.5,50.4084915,-3.580750625,41.71331555,0.024750486,0.012295041,0.016456408
161,50.40849122,-3.580752048,41.7624137,0.013097095,-0.02946288,-0.044052513
161.5,50.40849189,-3.580751972,41.79194016,0.042140187,-0.006968585,-0.088206746
162,50.40849134,-3.580751359,41.77434248,0.005970602,0.006149088,-0.00228769
162.5,50.40849187,-3.580751592,41.78062174,0.033982149,0.004691121,0.008138104
163,50.40849083,-3.580751581,41.7792067,-0.05771994,-0.007207722,0.028493272
163.5,50.40849009,-3.580751456,41.79586562,-0.028973505,0.00609262,-0.001330393
164,50.40848931,-3.580751998,41.91393612,0.01008631,5.57E-05,-0.047876781
164.5,50.40848911,-3.580751341,42.01534199,0.036785097,0.003094447,-0.018929305
165,50.40848903,-3.580750831,42.04488553,-0.0340344,-0.017534864,0.014988755
165.5,50.40848911,-3.580751838,42.04410064,-0.017955607,0.01202756,0.011113936
166,50.40848865,-3.580750814,42.05447429,-0.02043195,0.008204996,-0.015629365
166.5,50.40848891,-3.580750547,42.11919432,9.02E-05,0.003969284,0.010293667
167,50.4084896,-3.580750291,42.18693356,0.037350806,-0.01603601,-0.021719084
167.5,50.4084896,-3.580750351,42.16347604,0.010819404,0.013468809,-0.023027373
168,50.4084902,-3.580751243,42.17987399,0.020751692,-0.019343368,0.005244246
168.5,50.40849101,-3.580752386,42.24341081,0.026592196,-0.009476803,0.012423146
169,50.40849019,-3.58075297,42.15292071,-0.000609173,0.006806619,-0.033453343
169.5,50.40849004,-3.580753129,42.17043436,0.006206318,-0.001221819,-0.022526262
170,50.40848965,-3.580753302,42.19601065,-0.012591351,-0.0008902,0.013546672
170.5,50.40848968,-3.580752262,42.10964069,-0.019502963,-0.003852643,-0.032741558
171,50.40848988,-3.580752791,42.10853435,0.045902917,-0.005291117,0.005892494
171.5,50.40849005,-3.580753853,42.09168691,-0.006480295,-0.018273485,0.030968053
172,50.40849061,-3.580753893,42.16435725,0.038153399,-0.024238102,-0.062131846
172.5,50.40848994,-3.580754154,42.13898162,-0.016932462,-0.001499633,-0.026894407
173,50.4084901,-3.580753511,42.20302625,0.003198401,0.011902858,0.032407387
173.5,50.40849067,-3.580754387,42.18525246,-0.006761266,-0.018646503,-0.022713701
174,50.40848988,-3.580753437,42.09628615,-0.032573443,0.014281914,0.046289646
174.5,50.40848908,-3.580753678,42.0479798,-0.033692181,-0.018879457,-0.034695336
175,50.40848903,-3.580753081,42.01300176,0.016564826,-0.006968289,0.022809731
