0.0,51.50925446,-0.16104548,0.00679928,0.04718362,-1.54289229
0.5,51.50924713,-0.16104291,0.11692966,-0.01314814,-1.97304449
1.0,51.50924660,-0.16104402,0.24584980,0.01966407,-1.86335946
1.5,51.50924912,-0.16104365,0.48447206,-0.00569170,-1.51224776
2.0,51.50925230,-0.16104341,0.68356053,0.02082176,-1.17299786
2.5,51.50925642,-0.16104367,0.94242617,0.01964877,0.19282926
3.0,51.50926129,-0.16104304,1.19172813,0.03242558,0.46511602
3.5,51.50926665,-0.16104231,1.23193042,0.00113469,1.08840765
4.0,51.50927244,-0.16104176,1.30540142,-0.02339982,-3.09868970
4.5,51.50927815,-0.16104111,1.18598279,-0.00424753,-0.62731942
5.0,51.50928366,-0.16104076,1.26247170,0.01081819,-0.25209175
5.5,51.50928949,-0.16104052,1.27967491,-0.01378955,0.63468305
6.0,51.50929507,-0.16104016,1.25679982,0.00764891,-1.75580805
6.5,51.50930064,-0.16103967,1.22651766,0.03573486,2.72463446
7.0,51.50930634,-0.16103924,1.22419719,0.00073209,-0.67450203
7.5,51.50931195,-0.16103879,1.29456509,0.00533151,1.37765678
8.0,51.50931767,-0.16103832,1.21477727,-0.00252329,-2.31835803
8.5,51.50932329,-0.16103791,1.27903077,-0.01868224,-2.76108324
9.0,51.50932906,-0.16103758,1.21384031,0.02142466,-1.74444339
9.5,51.50933464,-0.16103713,1.31483244,0.06857398,7.04409381
10.0,51.50934041,-0.16103662,1.19289889,0.04193780,3.35999456
10.5,51.50934595,-0.16103629,1.27047539,-0.00069554,1.43007283
11.0,51.50935170,-0.16103621,1.22768584,0.01247766,1.50328789
11.5,51.50935729,-0.16103598,1.30924845,0.01071279,-0.12167058
12.0,51.50936308,-0.16103591,1.21127561,0.00233074,-0.15893660
12.5,51.50936860,-0.16103591,1.29380113,-0.00895849,0.40308959
13.0,51.50937432,-0.16103591,1.19844456,-0.01047648,-1.21055707
13.5,51.50937984,-0.16103592,1.27934174,-0.00361869,-1.90489700
14.0,51.50938561,-0.16103590,1.21706881,0.01308603,-1.50999607
14.5,51.50939114,-0.16103602,1.28249905,-0.00814220,1.36326699
15.0,51.50939687,-0.16103616,1.19647443,-0.04178475,-3.07398030
15.5,51.50940230,-0.16103630,1.28675137,-0.04412303,-5.10523735
16.0,51.50940792,-0.16103647,1.20877036,-0.00174717,-2.66037556
16.5,51.50941342,-0.16103650,1.24968950,0.00753875,-0.11561152
17.0,51.50941893,-0.16103646,1.21810726,-0.00573906,-1.70392682
17.5,51.50942442,-0.16103645,1.24975511,-0.01349060,-2.45071844
18.0,51.50943006,-0.16103642,1.20983771,0.00544821,-1.73610540
18.5,51.50943553,-0.16103638,1.27123336,-0.00099629,-0.80318436
19.0,51.50944121,-0.16103628,1.17760045,0.00087477,-1.49506818
19.5,51.50944664,-0.16103616,1.32664516,0.02615735,2.58276657
20.0,51.50945246,-0.16103598,1.17629278,0.01556315,0.99311835
20.5,51.50945790,-0.16103581,1.27271728,-0.00468376,-0.40648606
21.0,51.50946349,-0.16103567,1.21747385,0.00958232,-1.36140034
21.5,51.50946896,-0.16103553,1.25927194,0.03204166,3.94042679
22.0,51.50947462,-0.16103544,1.21664158,-0.02068622,-1.41698273
22.5,51.50948014,-0.16103551,1.24484984,-0.03663642,-2.36799197
23.0,51.50948576,-0.16103572,1.26742692,0.00294006,1.73977723
23.5,51.50949132,-0.16103563,1.20410463,0.00883471,1.19300219
24.0,51.50949679,-0.16103551,1.26603869,-0.01046079,-2.84588306
24.5,51.50950240,-0.16103555,1.21297776,0.00193061,0.05944136
25.0,51.50950792,-0.16103557,1.27197369,0.00986619,1.24617307
25.5,51.50951359,-0.16103567,1.24296014,-0.03629801,-0.47879129
26.0,51.50951925,-0.16103576,1.25975654,-0.00894268,-0.18102849
26.5,51.50952488,-0.16103584,1.24753524,-0.03602208,-4.06168121
27.0,51.50953038,-0.16103598,1.23446271,-0.00946156,-1.04093529
27.5,51.50953592,-0.16103624,1.23192975,-0.00445710,3.56783313
28.0,51.50954150,-0.16103637,1.25584629,-0.04624729,-0.58616674
28.5,51.50954711,-0.16103666,1.22947491,-0.04074483,0.51814815
29.0,51.50955267,-0.16103695,1.25184901,-0.06075669,-4.20809307
29.5,51.50955826,-0.16103724,1.24206623,-0.04266764,-2.53416561
30.0,51.50956387,-0.16103741,1.25103160,-0.01038562,-2.97959863
30.5,51.50956949,-0.16103750,1.25868221,-0.01277408,-1.07327456
31.0,51.50957514,-0.16103761,1.23797053,0.01016532,1.58880172
31.5,51.50958069,-0.16103757,1.23621143,-0.01265772,-0.43564200
32.0,51.50958623,-0.16103768,1.23940026,0.00194551,3.26441318
32.5,51.50959120,-0.16103775,1.06892936,-0.03652824,-1.20142443
33.0,51.50959528,-0.16103792,0.76917375,-0.04853202,-4.32977762
33.5,51.50959811,-0.16103821,0.59660877,-0.02461572,-1.92750344
34.0,51.50959998,-0.16103835,0.24609337,-0.01353829,1.03188624
34.5,51.50960108,-0.16103815,0.19722006,0.04625390,15.85788230
35.0,51.50960209,-0.16103750,0.27601174,0.12000383,28.98856069
35.5,51.50960310,-0.16103642,0.15909241,0.15514034,44.63179624
36.0,51.50960367,-0.16103511,0.15768520,0.22653814,61.28178648
36.5,51.50960415,-0.16103345,0.03676658,0.20200793,77.03857275
37.0,51.50960424,-0.16103192,0.03969360,0.26010022,88.98985490
37.5,51.50960419,-0.16103006,-0.06249961,0.18111989,105.50110130
38.0,51.50960374,-0.16102855,-0.10593807,0.26556911,116.77918120
38.5,51.50960313,-0.16102695,-0.15158358,0.14005466,128.46802670
39.0,51.50960224,-0.16102596,-0.21541349,0.16245498,144.84269870
39.5,51.50960125,-0.16102508,-0.24286650,0.06250911,166.22142730
40.0,51.50960009,-0.16102480,-0.22533089,0.02108539,178.99612660
40.5,51.50959837,-0.16102462,-0.46875623,0.01623663,179.21358010
41.0,51.50959558,-0.16102468,-0.72274535,-0.00989370,178.73361140
41.5,51.50959163,-0.16102466,-0.95337654,-0.02737846,186.19380650
42.0,51.50958664,-0.16102476,-1.21872010,-0.02243123,182.82880620
42.5,51.50958111,-0.16102479,-1.28246459,0.04461789,176.10828520
43.0,51.50957541,-0.16102457,-1.29111657,0.02194730,177.47308560
43.5,51.50956975,-0.16102443,-1.20808176,-0.02458238,182.30914960
44.0,51.50956423,-0.16102458,-1.26550088,-0.00594315,178.82591560
44.5,51.50955860,-0.16102456,-1.22353738,-0.00857204,181.45186580
45.0,51.50955298,-0.16102445,-1.23749612,0.02438311,177.54462120
45.5,51.50954733,-0.16102440,-1.23625881,-0.00891492,180.93249680
46.0,51.50954172,-0.16102435,-1.30670554,-0.01687495,181.72524600
46.5,51.50953604,-0.16102453,-1.18756014,-0.00513875,178.93652180
47.0,51.50953049,-0.16102467,-1.26585057,-0.01545496,176.71092100
47.5,51.50952484,-0.16102482,-1.21729704,-0.03103355,178.16545850
48.0,51.50951927,-0.16102501,-1.26334451,-0.03926281,178.96816200
48.5,51.50951358,-0.16102507,-1.29686375,-0.03003047,182.89843990
49.0,51.50950787,-0.16102523,-1.23125364,-0.02974715,182.04382360
49.5,51.50950225,-0.16102521,-1.25490588,0.05220164,175.45890930
50.0,51.50949655,-0.16102499,-1.27507324,-0.01931138,183.36481310
50.5,51.50949087,-0.16102498,-1.24777872,0.02237817,177.01510490
51.0,51.50948516,-0.16102492,-1.27230473,0.03758813,175.33721120
51.5,51.50947949,-0.16102471,-1.25873824,-0.02130535,180.61890110
52.0,51.50947385,-0.16102464,-1.21424861,-0.00561095,183.52022950
52.5,51.50946834,-0.16102463,-1.27816871,0.03208580,176.85815450
53.0,51.50946268,-0.16102454,-1.23243962,-0.00792106,181.83297400
53.5,51.50945702,-0.16102448,-1.23163083,-0.02571560,184.16658370
54.0,51.50945144,-0.16102458,-1.31649631,0.00440857,182.21940770
54.5,51.50944561,-0.16102458,-1.20625822,0.00085421,181.35414240
55.0,51.50944004,-0.16102459,-1.31709120,0.02540715,176.41853390
55.5,51.50943430,-0.16102438,-1.24224703,0.01846768,179.08553810
56.0,51.50942863,-0.16102433,-1.23281364,-0.00155461,177.43774250
56.5,51.50942309,-0.16102426,-1.29490123,0.02118930,177.64213900
57.0,51.50941737,-0.16102413,-1.21059594,-0.00549597,179.01287190
57.5,51.50941185,-0.16102398,-1.29587029,0.01292913,181.30250150
58.0,51.50940608,-0.16102369,-1.22034098,0.08466517,173.08013850
58.5,51.50940048,-0.16102329,-1.26162908,0.04570301,176.31410830
59.0,51.50939478,-0.16102305,-1.27837497,-0.01319787,180.37765130
59.5,51.50938909,-0.16102300,-1.26594728,0.03480440,176.62021780
60.0,51.50938339,-0.16102278,-1.24361263,0.00256550,181.03763100
60.5,51.50937778,-0.16102278,-1.28722533,-0.00374168,179.63801380
61.0,51.50937210,-0.16102291,-1.23526556,0.00399487,176.89321990
61.5,51.50936652,-0.16102301,-1.22438946,-0.04909905,181.23407680
62.0,51.50936093,-0.16102326,-1.26149330,-0.03493543,180.43909120
62.5,51.50935526,-0.16102339,-1.25552016,-0.00494451,179.04552070
63.0,51.50934962,-0.16102350,-1.25402478,-0.05999708,185.69897350
63.5,51.50934392,-0.16102370,-1.27798178,-0.01014247,181.21269830
64.0,51.50933824,-0.16102388,-1.24469265,-0.02032074,182.70647950
64.5,51.50933264,-0.16102400,-1.21707383,-0.03044754,182.60256720
65.0,51.50932706,-0.16102410,-1.29033116,0.00713791,180.68052690
65.5,51.50932139,-0.16102389,-1.23609794,0.03596841,179.35032480
66.0,51.50931576,-0.16102357,-1.25166096,0.04802448,179.39175980
66.5,51.50931008,-0.16102336,-1.27708455,0.02448746,179.18760890
67.0,51.50930445,-0.16102325,-1.23189392,0.01322846,179.31721730
67.5,51.50929890,-0.16102322,-1.21687529,0.01679267,176.40836200
68.0,51.50929344,-0.16102312,-1.27449531,-0.01012120,181.30334560
68.5,51.50928779,-0.16102314,-1.17828702,-0.01209631,180.44387170
69.0,51.50928232,-0.16102322,-1.29381611,0.02174421,176.88193440
69.5,51.50927658,-0.16102313,-1.19736847,-0.01843091,181.01812710
70.0,51.50927106,-0.16102314,-1.31827728,-0.00105228,180.37560780
70.5,51.50926528,-0.16102312,-1.22496145,0.01941623,178.43802610
71.0,51.50925968,-0.16102303,-1.26470613,0.01782417,176.90877760
71.5,51.50925468,-0.16102297,-1.08176157,-0.02659453,182.91585230
72.0,51.50925056,-0.16102295,-0.77466393,0.02232136,178.20827800
72.5,51.50924769,-0.16102279,-0.52398025,0.03739389,175.69024020
73.0,51.50924595,-0.16102255,-0.35114911,0.01495087,178.32718780
73.5,51.50924464,-0.16102219,-0.13734942,0.07624164,163.62681620
74.0,51.50924384,-0.16102150,-0.25732224,0.12003897,147.87832620
74.5,51.50924288,-0.16102049,-0.10425420,0.13570721,134.96254370
75.0,51.50924234,-0.16101907,-0.16681921,0.22207536,118.84644540
75.5,51.50924188,-0.16101741,-0.05889530,0.29684097,101.83943160
76.0,51.50924179,-0.16101535,0.01029638,0.21033682,89.30797095
76.5,51.50924195,-0.16101374,0.05438163,0.27545449,76.24935357
77.0,51.50924236,-0.16101189,0.12537383,0.21777464,60.87664145
77.5,51.50924301,-0.16101038,0.13588212,0.17210247,43.87362295
78.0,51.50924378,-0.16100919,0.23356609,0.18708755,28.39198669
78.5,51.50924477,-0.16100826,0.21150048,0.07818907,15.89954157
79.0,51.50924575,-0.16100797,0.22818398,0.02594891,1.87811899
79.5,51.50924742,-0.16100782,0.40461909,0.00535624,1.17823050
80.0,51.50925001,-0.16100777,0.72432239,0.01009145,-1.24726152
80.5,51.50925391,-0.16100764,0.92525843,0.00459042,-1.47000167
81.0,51.50925878,-0.16100772,1.21422540,-0.00061821,0.34898863
81.5,51.50926428,-0.16100782,1.25870672,-0.01844313,0.00737575
82.0,51.50926991,-0.16100796,1.28720710,-0.01239223,1.19246696
82.5,51.50927568,-0.16100808,1.22910758,-0.02144434,0.24996846
83.0,51.50928125,-0.16100813,1.29380651,-0.03180857,-3.56377572
83.5,51.50928696,-0.16100821,1.20113472,0.00267175,-1.19964037
84.0,51.50929251,-0.16100840,1.28948830,-0.00465545,2.08354784
84.5,51.50929822,-0.16100854,1.27015877,-0.03107840,0.20656104
85.0,51.50930392,-0.16100864,1.25402504,-0.01502198,0.51722819
85.5,51.50930954,-0.16100860,1.24770460,0.00154232,-1.39977989
86.0,51.50931517,-0.16100847,1.23802551,0.02016931,-0.31325708
86.5,51.50932072,-0.16100837,1.25473897,0.03775648,2.79039763
87.0,51.50932627,-0.16100825,1.22711157,-0.02528336,-3.76783311
87.5,51.50933184,-0.16100854,1.23669761,-0.04011214,-1.20116846
88.0,51.50933748,-0.16100885,1.25380629,-0.00985721,2.12278284
88.5,51.50934309,-0.16100904,1.27086838,-0.03282200,1.93387116
89.0,51.50934882,-0.16100916,1.23492060,-0.03060992,-1.02986750
89.5,51.50935441,-0.16100934,1.27828722,-0.02688089,-0.52262697
90.0,51.50936007,-0.16100935,1.24371530,0.02182207,1.93660461
90.5,51.50936565,-0.16100935,1.24239574,-0.00382684,1.56328702
91.0,51.50937129,-0.16100933,1.25360673,-0.02386326,-2.59923060
91.5,51.50937688,-0.16100953,1.24243937,-0.02226053,-0.49489650
92.0,51.50938248,-0.16100960,1.22372761,-0.01325270,-2.67789910
92.5,51.50938800,-0.16100978,1.28140413,-0.02271771,-0.25720192
93.0,51.50939370,-0.16100992,1.19631983,-0.01583168,-1.81668944
93.5,51.50939916,-0.16100996,1.31377230,-0.00644659,-0.07841013
94.0,51.50940500,-0.16100992,1.21604193,0.04602753,4.02652830
94.5,51.50941053,-0.16100973,1.27193964,0.00255356,1.08075487
95.0,51.50941622,-0.16100952,1.22386050,0.02939278,1.07510332
95.5,51.50942181,-0.16100943,1.26207150,-0.01073847,-2.58997208
96.0,51.50942741,-0.16100951,1.22702938,-0.01251708,-1.35890539
96.5,51.50943296,-0.16100948,1.27263022,0.02487828,0.54893625
97.0,51.50943860,-0.16100931,1.23377290,0.04096019,3.63822047
97.5,51.50944431,-0.16100913,1.24855412,0.01703702,2.19813709
98.0,51.50944994,-0.16100899,1.27843225,0.01171133,1.71748841
98.5,51.50945558,-0.16100885,1.22250419,0.02098909,1.48427097
99.0,51.50946108,-0.16100858,1.27430952,0.04067530,2.06297869
99.5,51.50946673,-0.16100822,1.20178286,0.04148815,0.19487082
100.0,51.50947225,-0.16100810,1.27390901,-0.00599918,-1.98334314
100.5,51.50947794,-0.16100805,1.19100234,0.02449076,0.68520365
101.0,51.50948339,-0.16100807,1.32368649,-0.00789839,-0.19140631
101.5,51.50948912,-0.16100807,1.17424108,0.00416717,1.25494256
102.0,51.50949458,-0.16100803,1.25175384,0.01301563,1.61340791
102.5,51.50950022,-0.16100802,1.28749265,-0.02962449,-2.91139781
103.0,51.50950591,-0.16100796,1.22957701,0.03132247,0.96362024
103.5,51.50951158,-0.16100792,1.22653415,-0.01059859,-3.04455676
104.0,51.50951717,-0.16100807,1.30006349,-0.03111387,-1.93185967
104.5,51.50952285,-0.16100829,1.19374003,-0.02188045,-2.65035863
105.0,51.50952833,-0.16100849,1.31069460,-0.02684383,-0.38486710
105.5,51.50953416,-0.16100870,1.20550468,-0.02654903,-1.99639290
106.0,51.50953968,-0.16100881,1.33793139,-0.02160081,-1.18348835
106.5,51.50954548,-0.16100890,1.20334076,-0.00289216,-1.52825691
107.0,51.50955097,-0.16100891,1.25221868,0.00583453,1.22545613
107.5,51.50955662,-0.16100884,1.27451881,-0.00378722,-2.84203008
108.0,51.50956237,-0.16100881,1.21241946,-0.00239658,-1.76407848
108.5,51.50956796,-0.16100885,1.32686897,-0.01316354,-4.51083194
109.0,51.50957378,-0.16100894,1.25679571,-0.02298535,-3.89445846
109.5,51.50957941,-0.16100908,1.29284231,0.01323086,-0.43263155
110.0,51.50958520,-0.16100921,1.23785084,-0.02087365,-0.01517691
110.5,51.50959028,-0.16100942,1.10335448,-0.02877793,0.34908045
111.0,51.50959446,-0.16100961,0.82789592,-0.03877490,-1.96027116
111.5,51.50959746,-0.16100979,0.52099389,-0.03232003,-5.36938549
112.0,51.50959918,-0.16101000,0.31576409,-0.01527832,-2.31777333
112.5,51.50960039,-0.16100986,0.21018869,0.05094831,12.48868127
113.0,51.50960140,-0.16100913,0.19151512,0.12027190,29.72389387
113.5,51.50960213,-0.16100797,0.14937361,0.18226947,46.64628550
114.0,51.50960276,-0.16100664,0.12244778,0.20235002,65.26868203
114.5,51.50960314,-0.16100510,0.09196620,0.28751107,73.82429710
115.0,51.50960332,-0.16100308,-0.02949454,0.17275890,90.67347065
115.5,51.50960311,-0.16100167,-0.04276803,0.27844825,104.03173680
116.0,51.50960274,-0.16099990,-0.12232284,0.16560250,118.37357790
116.5,51.50960208,-0.16099858,-0.14578392,0.20673499,133.75160340
117.0,51.50960129,-0.16099740,-0.23302821,0.13930281,150.27743600
117.5,51.50960017,-0.16099666,-0.22415885,0.07316918,163.01338890
118.0,51.50959912,-0.16099632,-0.26804764,0.02538118,180.28450000
118.5,51.50959738,-0.16099623,-0.42964291,0.00240947,179.29659000
119.0,51.50959465,-0.16099621,-0.70335685,0.01433411,177.50676580
119.5,51.50959083,-0.16099603,-0.98608381,0.03444619,176.09623310
120.0,51.50958589,-0.16099588,-1.20621346,0.01443108,178.64628900
120.5,51.50958036,-0.16099582,-1.23679774,-0.00965889,179.66720150
121.0,51.50957476,-0.16099590,-1.28618909,-0.00515490,179.53523640
121.5,51.50956902,-0.16099576,-1.22057277,0.01004608,181.03350650
122.0,51.50956349,-0.16099566,-1.24905567,0.02321793,179.51476680
122.5,51.50955789,-0.16099553,-1.28574509,0.01362843,180.45233780
123.0,51.50955217,-0.16099560,-1.22409919,-0.03026262,182.44944840
123.5,51.50954665,-0.16099578,-1.27222189,-0.00855328,179.64494690
124.0,51.50954095,-0.16099588,-1.23234763,-0.03123725,183.23455180
124.5,51.50953535,-0.16099611,-1.26581547,-0.02825170,180.91760660
125.0,51.50952971,-0.16099641,-1.25056394,-0.03496204,181.29950470
125.5,51.50952409,-0.16099656,-1.25213887,-0.03949753,182.94491200
126.0,51.50951846,-0.16099669,-1.24560596,0.01247626,179.11063700
126.5,51.50951280,-0.16099657,-1.25832958,0.05562241,173.47936090
127.0,51.50950721,-0.16099636,-1.24188050,0.00238060,178.17976830
127.5,51.50950171,-0.16099627,-1.23689155,0.01777385,175.41378500
128.0,51.50949614,-0.16099622,-1.20089351,-0.01697238,181.14095720
128.5,51.50949066,-0.16099614,-1.26584191,0.01673720,177.76985870
129.0,51.50948501,-0.16099607,-1.26344908,0.02298384,178.82522960
129.5,51.50947939,-0.16099602,-1.20389143,-0.03562079,182.23781190
130.0,51.50947381,-0.16099620,-1.24469012,-0.01022076,181.16163010
130.5,51.50946816,-0.16099627,-1.29277367,-0.00916850,180.28627220
131.0,51.50946242,-0.16099637,-1.24007264,-0.00989102,180.27101760
131.5,51.50945683,-0.16099645,-1.25087823,-0.03163740,183.09224770
132.0,51.50945117,-0.16099658,-1.26464454,-0.01352233,182.09542010
132.5,51.50944555,-0.16099652,-1.25149189,0.01859553,181.30481870
133.0,51.50943995,-0.16099634,-1.29742567,0.03008110,180.32143560
133.5,51.50943420,-0.16099604,-1.18471640,0.04485523,180.48024340
134.0,51.50942868,-0.16099569,-1.29251861,0.05426757,179.09890820
134.5,51.50942302,-0.16099536,-1.23423392,0.06722395,176.05358930
135.0,51.50941751,-0.16099502,-1.23199779,0.01989726,180.08486680
135.5,51.50941194,-0.16099496,-1.22290282,-0.01305259,181.84346840
136.0,51.50940636,-0.16099501,-1.24987079,0.00512632,180.27611760
136.5,51.50940071,-0.16099495,-1.24907180,0.02259060,178.21036490
137.0,51.50939511,-0.16099477,-1.29045129,0.01175540,180.81083870
137.5,51.50938940,-0.16099464,-1.21774299,0.02824188,178.10936110
138.0,51.50938391,-0.16099450,-1.26065921,0.01711946,179.65507050
138.5,51.50937825,-0.16099434,-1.21570309,0.01532393,179.23957570
139.0,51.50937273,-0.16099416,-1.25081591,0.02348123,180.84848470
139.5,51.50936715,-0.16099398,-1.25829919,0.03263618,178.08253990
140.0,51.50936147,-0.16099377,-1.26295220,0.03103086,179.54763450
140.5,51.50935574,-0.16099354,-1.24037141,0.00431744,182.07847630
141.0,51.50935017,-0.16099341,-1.26785834,0.05137597,177.32702380
141.5,51.50934455,-0.16099332,-1.24228474,0.00452813,178.81182550
142.0,51.50933889,-0.16099334,-1.22806516,-0.00119111,176.70070770
142.5,51.50933328,-0.16099326,-1.25894377,0.00901493,178.75134440
143.0,51.50932765,-0.16099323,-1.30122019,-0.02119149,181.32980320
143.5,51.50932191,-0.16099333,-1.22673753,-0.02708974,183.82421300
144.0,51.50931640,-0.16099343,-1.23191094,0.00107686,180.89976080
144.5,51.50931081,-0.16099343,-1.28051455,0.02748687,177.62120390
145.0,51.50930511,-0.16099325,-1.21213903,0.02476699,177.52762120
145.5,51.50929959,-0.16099316,-1.28962557,-0.00086138,179.54038990
146.0,51.50929382,-0.16099300,-1.22014421,0.00384403,182.18328720
146.5,51.50928826,-0.16099302,-1.27710854,-0.00090164,181.32868120
147.0,51.50928265,-0.16099295,-1.22438129,0.01802375,180.52296490
147.5,51.50927703,-0.16099283,-1.29079605,0.01202598,181.12110760
148.0,51.50927129,-0.16099265,-1.24194786,0.02835547,180.72474210
148.5,51.50926564,-0.16099252,-1.28842221,0.02821333,178.88306210
149.0,51.50925987,-0.16099235,-1.23159173,0.01746832,180.16165940
149.5,51.50925485,-0.16099218,-1.14020439,0.01680301,180.66041950
150.0,51.50925057,-0.16099203,-0.76704805,0.02959751,179.70821850
150.5,51.50924773,-0.16099194,-0.57697456,0.00889250,179.07557940
151.0,51.50924585,-0.16099201,-0.26549020,-0.01193970,178.42523120
151.5,51.50924476,-0.16099192,-0.28226916,0.04092815,165.65699980
152.0,51.50924364,-0.16099124,-0.13625928,0.10958907,151.39512690
152.5,51.50924296,-0.16099029,-0.21294444,0.15948927,138.80182170
153.0,51.50924219,-0.16098893,-0.09291731,0.19294547,124.63027530
153.5,51.50924183,-0.16098736,-0.08435965,0.21911666,104.68386030
154.0,51.50924161,-0.16098573,-0.00684838,0.23742289,89.91980306
154.5,51.50924171,-0.16098399,0.03687954,0.27635552,73.18741568
155.0,51.50924206,-0.16098219,0.10914370,0.20361648,61.95210193
155.5,51.50924269,-0.16098077,0.12931812,0.16841625,43.37738353
156.0,51.50924345,-0.16097973,0.25177359,0.18387280,33.46329679
156.5,51.50924448,-0.16097882,0.19027784,0.05442845,16.58500723
157.0,51.50924547,-0.16097857,0.24089798,0.02535522,-1.93179518
157.5,51.50924717,-0.16097850,0.42261406,-0.00583261,1.31798950
158.0,51.50924982,-0.16097857,0.68147899,0.00393984,0.94390742
158.5,51.50925361,-0.16097859,1.02416809,-0.02417577,-2.40538339
159.0,51.50925874,-0.16097867,1.14168599,0.00170410,0.32711519
159.5,51.50926405,-0.16097867,1.32501382,0.01160112,1.36937818
160.0,51.50926983,-0.16097872,1.23745802,-0.01391732,1.00673167
160.5,51.50927543,-0.16097874,1.27084871,-0.02551276,-2.82435416
161.0,51.50928114,-0.16097877,1.23095808,0.00853559,-0.41187351
161.5,51.50928671,-0.16097867,1.24496938,0.01984111,-0.94172426
162.0,51.50929228,-0.16097855,1.23369574,0.03045317,2.71840393
162.5,51.50929786,-0.16097841,1.27300778,0.01948749,0.81203229
163.0,51.50930358,-0.16097839,1.21240728,-0.01647531,0.14659873
163.5,51.50930904,-0.16097838,1.33288086,0.01724660,0.95025687
164.0,51.50931491,-0.16097836,1.19679601,-0.01162749,-0.20225157
164.5,51.50932045,-0.16097844,1.26213530,0.01758310,4.45408878
165.0,51.50932610,-0.16097841,1.26714058,0.00311149,3.14658391
165.5,51.50933176,-0.16097837,1.27789641,-0.00242786,2.99758360
166.0,51.50933751,-0.16097829,1.22233423,0.00231895,0.66384444
166.5,51.50934307,-0.16097827,1.32237766,-0.00256085,0.64122848
167.0,51.50934884,-0.16097817,1.21276170,0.01112224,-0.79500626
167.5,51.50935433,-0.16097813,1.26116591,0.01778624,2.18121306
168.0,51.50935998,-0.16097804,1.26699500,0.02702498,2.97841386
168.5,51.50936566,-0.16097798,1.21725420,-0.01287819,1.30691970
169.0,51.50937124,-0.16097811,1.25744686,-0.02902350,-0.60523614
169.5,51.50937686,-0.16097826,1.25213958,-0.01216743,1.25721207
170.0,51.50938246,-0.16097831,1.21895210,-0.02223847,-2.54534512
170.5,51.50938799,-0.16097841,1.28238463,-0.02009715,-1.59899812
171.0,51.50939361,-0.16097849,1.22765726,0.00946060,-0.18864689
171.5,51.50939915,-0.16097852,1.17900543,-0.00825453,-0.01678754
172.0,51.50940457,-0.16097858,1.27957827,-0.00154284,0.58332975
172.5,51.50941025,-0.16097859,1.17955709,0.00288554,1.57132455
173.0,51.50941563,-0.16097846,1.31531227,0.01565152,0.06357684
173.5,51.50942141,-0.16097840,1.15141195,0.01989952,3.38191210
174.0,51.50942681,-0.16097827,1.32693302,0.01188954,0.41323287
174.5,51.50943263,-0.16097814,1.20820170,0.00394495,0.15494773
175.0,51.50943809,-0.16097816,1.28284427,-0.00243831,-0.85350132
175.5,51.50944384,-0.16097820,1.20309462,-0.00708475,0.16137643
176.0,51.50944935,-0.16097810,1.32100526,0.02547170,0.38397994
176.5,51.50945520,-0.16097804,1.18008193,-0.00240774,-0.13163567
177.0,51.50946059,-0.16097802,1.33330542,0.01849682,1.88886514
177.5,51.50946638,-0.16097782,1.17290965,0.02220457,0.38344163
178.0,51.50947181,-0.16097760,1.34221528,0.00002337,-3.82718926
178.5,51.50947768,-0.16097750,1.16567129,0.01898170,-3.03950156
179.0,51.50948306,-0.16097731,1.28531297,0.04194428,-1.31229977
179.5,51.50948870,-0.16097709,1.21270189,0.03692906,0.04772297
180.0,51.50949421,-0.16097700,1.24776353,0.01731918,0.94826732
180.5,51.50949983,-0.16097690,1.19290584,0.00908787,0.35533685
181.0,51.50950525,-0.16097685,1.27035734,0.01096791,1.21394414
181.5,51.50951088,-0.16097687,1.22263298,-0.00375531,0.95446127
182.0,51.50951644,-0.16097689,1.27371490,-0.01189340,-0.14815272
182.5,51.50952213,-0.16097697,1.19616819,-0.00482762,0.82479814
183.0,51.50952759,-0.16097690,1.32413877,0.00135431,-1.17073871
183.5,51.50953341,-0.16097686,1.17285672,-0.01398791,-3.68439839
184.0,51.50953880,-0.16097692,1.29669453,0.00792290,-0.85020147
184.5,51.50954448,-0.16097689,1.18059120,0.01886725,0.45097420
185.0,51.50954998,-0.16097693,1.26806965,-0.00745361,1.20906305
185.5,51.50955564,-0.16097712,1.25445254,-0.04746496,-2.30086284
186.0,51.50956129,-0.16097733,1.24254471,-0.03100958,-1.81645071
186.5,51.50956689,-0.16097744,1.24443057,-0.00645456,-1.82528761
187.0,51.50957242,-0.16097750,1.23452650,-0.01719428,-2.28993609
187.5,51.50957806,-0.16097759,1.26426138,-0.00207237,-1.09494598
188.0,51.50958375,-0.16097761,1.26784238,0.01018972,0.74186292
188.5,51.50958885,-0.16097765,1.06372521,0.00474733,2.56776122
189.0,51.50959293,-0.16097767,0.81997268,-0.00890432,2.45573420
189.5,51.50959584,-0.16097783,0.57181272,-0.01827186,4.24147673
190.0,51.50959768,-0.16097804,0.24297328,-0.04269681,3.64016232
190.5,51.50959884,-0.16097799,0.27418339,0.03506056,14.77472204
191.0,51.50960002,-0.16097738,0.13736393,0.08485533,32.30037100
191.5,51.50960070,-0.16097644,0.24117771,0.17281439,41.91244262
192.0,51.50960155,-0.16097501,0.11367246,0.22336682,64.42187726
192.5,51.50960201,-0.16097335,0.10545681,0.22254663,75.64807728
193.0,51.50960230,-0.16097171,0.02169494,0.22390239,93.66789459
193.5,51.50960220,-0.16097011,-0.03887443,0.26281066,104.05581610
194.0,51.50960178,-0.16096834,-0.11002752,0.16445073,116.56272810
194.5,51.50960112,-0.16096711,-0.18359782,0.23475042,131.88986700
195.0,51.50960026,-0.16096581,-0.19227726,0.09686971,147.81713210
195.5,51.50959925,-0.16096510,-0.25243942,0.12427517,161.38329210
196.0,51.50959811,-0.16096463,-0.25153968,0.00781712,176.00296930
196.5,51.50959640,-0.16096461,-0.46390230,0.01814516,177.87995160
197.0,51.50959367,-0.16096454,-0.72147583,-0.01415813,182.10422400
197.5,51.50958977,-0.16096461,-0.93568576,-0.01149025,182.22828550
198.0,51.50958479,-0.16096468,-1.22819524,-0.00930143,181.22626500
198.5,51.50957920,-0.16096464,-1.28371038,0.02784416,178.07256030
199.0,51.50957355,-0.16096461,-1.24832447,-0.03078698,183.92392100
199.5,51.50956796,-0.16096480,-1.28317637,-0.00283682,177.72432380
200.0,51.50956227,-0.16096477,-1.18675752,0.00588518,180.84639630
200.5,51.50955675,-0.16096476,-1.29914922,-0.00947925,179.20405630
201.0,51.50955096,-0.16096473,-1.24131477,0.03212268,177.54173000
201.5,51.50954536,-0.16096449,-1.29900778,-0.00197480,181.93059140
202.0,51.50953962,-0.16096439,-1.22157601,0.02060460,180.69731730
202.5,51.50953406,-0.16096422,-1.31511907,0.03247981,179.78729760
203.0,51.50952824,-0.16096409,-1.20974112,0.01076080,180.23739260
203.5,51.50952267,-0.16096402,-1.26881562,0.00817168,180.38774910
204.0,51.50951702,-0.16096387,-1.27528234,0.00943565,182.28405240
204.5,51.50951135,-0.16096372,-1.22206291,0.03912412,179.16556840
205.0,51.50950583,-0.16096352,-1.25730737,0.02190083,180.82346440
205.5,51.50950018,-0.16096341,-1.23819532,0.01722752,178.79758160
206.0,51.50949455,-0.16096339,-1.29321918,0.00289093,179.88954130
206.5,51.50948887,-0.16096342,-1.19460597,-0.02436183,181.45864680
207.0,51.50948344,-0.16096357,-1.29968148,-0.03112522,183.62425530
207.5,51.50947772,-0.16096377,-1.19326983,-0.00613361,179.20420090
208.0,51.50947222,-0.16096382,-1.23672462,-0.01318533,181.99575410
208.5,51.50946667,-0.16096400,-1.25697774,-0.03430601,180.88896090
209.0,51.50946102,-0.16096410,-1.20995844,-0.00937683,182.62915540
209.5,51.50945550,-0.16096413,-1.34383963,-0.02218345,183.03477250
210.0,51.50944961,-0.16096411,-1.17662135,0.02748001,181.45075420
210.5,51.50944418,-0.16096388,-1.33073553,0.04244993,178.81407480
211.0,51.50943834,-0.16096373,-1.17398947,-0.00559009,183.95573830
211.5,51.50943288,-0.16096361,-1.32229199,0.04076011,177.80428020
212.0,51.50942710,-0.16096350,-1.23744591,0.01571627,180.71454520
212.5,51.50942148,-0.16096344,-1.22817869,-0.00463085,178.73919330
213.0,51.50941593,-0.16096366,-1.28840764,-0.01412074,178.69607620
213.5,51.50941026,-0.16096369,-1.20765762,-0.04648483,183.38856630
214.0,51.50940472,-0.16096383,-1.28370386,0.01302105,178.72225740
214.5,51.50939904,-0.16096374,-1.23422311,0.00817815,180.85481970
215.0,51.50939351,-0.16096367,-1.23134561,-0.00636576,181.75888770
215.5,51.50938797,-0.16096375,-1.26288760,0.01806499,177.68012270
216.0,51.50938233,-0.16096376,-1.21731118,-0.02293158,181.08695090
216.5,51.50937673,-0.16096386,-1.25417591,-0.02566657,181.58620270
217.0,51.50937111,-0.16096407,-1.22360443,0.00126832,177.39291300
217.5,51.50936555,-0.16096411,-1.27345399,0.00027957,176.72463360
218.0,51.50935989,-0.16096404,-1.21766767,-0.00478881,178.73997320
218.5,51.50935439,-0.16096411,-1.29629907,-0.03236739,182.08254830
219.0,51.50934862,-0.16096415,-1.21462863,0.01446998,178.46023420
219.5,51.50934305,-0.16096405,-1.28557198,0.00514271,181.27126620
220.0,51.50933736,-0.16096408,-1.20029121,-0.01628192,181.05973580
220.5,51.50933184,-0.16096408,-1.33557908,0.00860391,181.14330860
221.0,51.50932605,-0.16096409,-1.18130141,0.00083101,179.66329440
221.5,51.50932062,-0.16096411,-1.27606319,-0.01579756,182.61718820
222.0,51.50931494,-0.16096409,-1.23272216,0.03157129,176.40728790
222.5,51.50930937,-0.16096400,-1.26151669,0.00461103,180.19016930
223.0,51.50930374,-0.16096400,-1.22764639,-0.02020601,179.90609670
223.5,51.50929819,-0.16096415,-1.25660900,0.00241044,178.45431290
224.0,51.50929254,-0.16096419,-1.25892097,-0.02295695,179.63559840
224.5,51.50928687,-0.16096427,-1.19226217,-0.01012888,180.06141260
225.0,51.50928140,-0.16096430,-1.34620497,0.00881016,177.82117030
225.5,51.50927556,-0.16096425,-1.17533716,-0.01988950,182.90801120
226.0,51.50927009,-0.16096432,-1.31118332,-0.00673620,180.35299670
226.5,51.50926432,-0.16096435,-1.21223995,-0.00599169,182.96865650
227.0,51.50925878,-0.16096439,-1.28989672,-0.01300507,181.55883090
227.5,51.50925363,-0.16096432,-1.03160369,0.03075514,180.84104690
228.0,51.50924964,-0.16096413,-0.86361794,0.02122207,180.12066380
228.5,51.50924652,-0.16096400,-0.49633995,0.01885115,181.62626460
229.0,51.50924482,-0.16096394,-0.32401160,0.00363243,181.77126370
229.5,51.50924358,-0.16096361,-0.21343380,0.08430584,163.29593050
230.0,51.50924258,-0.16096282,-0.21478882,0.12293657,149.64015850
230.5,51.50924164,-0.16096175,-0.21136760,0.18418939,134.84506910
231.0,51.50924095,-0.16096025,-0.12410762,0.22210252,121.46144760
231.5,51.50924052,-0.16095858,-0.07218148,0.24227927,107.47057540
232.0,51.50924035,-0.16095678,-0.00049196,0.24416370,88.97909421
232.5,51.50924048,-0.16095495,0.05075868,0.27211551,76.70695641
233.0,51.50924087,-0.16095317,0.12422382,0.22913448,58.20853675
233.5,51.50924150,-0.16095166,0.16126413,0.19213989,44.70148524
234.0,51.50924235,-0.16095048,0.18489482,0.12692201,32.98317837
234.5,51.50924328,-0.16094975,0.22260893,0.08517452,16.54379981
235.0,51.50924427,-0.16094949,0.26207670,0.00192961,-2.40584217
235.5,51.50924599,-0.16094947,0.42437731,-0.00211938,1.33823984
236.0,51.50924873,-0.16094942,0.67070651,0.02528663,3.24157497
236.5,51.50925255,-0.16094932,0.95702888,0.00260747,0.91463614
237.0,51.50925752,-0.16094920,1.25077983,0.01624393,-0.01403839
237.5,51.50926311,-0.16094908,1.24775030,0.00361381,-1.68159303
238.0,51.50926867,-0.16094897,1.28121786,0.02195909,-0.63037424
238.5,51.50927435,-0.16094885,1.23225566,0.02277844,-0.03354995
239.0,51.50927990,-0.16094894,1.23073979,-0.01157486,1.36341512
239.5,51.50928545,-0.16094906,1.26030828,-0.03458590,-2.11326514
240.0,51.50929109,-0.16094924,1.21948840,-0.03929726,-3.26079955
240.5,51.50929665,-0.16094938,1.26044721,-0.01358479,-3.50376625
241.0,51.50930225,-0.16094944,1.25451603,0.00888876,-0.08781595
241.5,51.50930790,-0.16094944,1.23410095,0.02792911,3.24811930
242.0,51.50931343,-0.16094934,1.22484511,-0.00512072,0.91677521
242.5,51.50931898,-0.16094921,1.26549889,0.00742658,-1.12674570
243.0,51.50932466,-0.16094913,1.22408551,0.01518826,-0.17035327
243.5,51.50933024,-0.16094919,1.25953800,-0.00440099,0.62395534
244.0,51.50933589,-0.16094918,1.21878857,-0.00162351,0.27511949
244.5,51.50934135,-0.16094916,1.33164486,-0.00594026,-1.32256840
245.0,51.50934721,-0.16094920,1.12756401,-0.00495219,-1.05975683
245.5,51.50935253,-0.16094937,1.35954845,-0.00442187,2.57888148
246.0,51.50935833,-0.16094930,1.15588743,-0.01386858,-2.51993890
246.5,51.50936370,-0.16094934,1.27013064,-0.01000957,-1.34327652
247.0,51.50936936,-0.16094938,1.22981207,0.01697426,0.57497186
247.5,51.50937485,-0.16094929,1.27179030,-0.00972238,-2.32104384
248.0,51.50938052,-0.16094936,1.20206619,0.00299344,0.06082631
248.5,51.50938596,-0.16094938,1.23938188,-0.01264233,-2.29145656
249.0,51.50939157,-0.16094946,1.22762088,-0.02059545,-2.51939803
249.5,51.50939710,-0.16094964,1.24462068,-0.00989965,-0.55515863
250.0,51.50940271,-0.16094980,1.23341540,-0.02302740,-0.53016032
250.5,51.50940825,-0.16094998,1.23057846,-0.03594025,-2.32550790
251.0,51.50941377,-0.16095024,1.26170310,-0.02974218,-0.43149862
251.5,51.50941944,-0.16095045,1.23135240,-0.02898975,-1.59076088
252.0,51.50942500,-0.16095060,1.28899418,-0.03983492,-3.30197555
252.5,51.50943075,-0.16095075,1.19583356,-0.01079905,-2.88813895
253.0,51.50943619,-0.16095086,1.26825563,-0.00293404,-0.49375701
253.5,51.50944180,-0.16095085,1.22924049,0.01171520,0.30723967
254.0,51.50944745,-0.16095089,1.26715241,-0.02114772,-1.44808223
254.5,51.50945313,-0.16095107,1.24511475,-0.00666769,1.89774889
255.0,51.50945873,-0.16095115,1.24934157,0.00910194,4.10661495
255.5,51.50946434,-0.16095118,1.26163062,-0.01273029,3.05625416
256.0,51.50947000,-0.16095121,1.26052180,-0.02127474,0.54343470
256.5,51.50947565,-0.16095116,1.22760637,-0.00455490,-1.45096489
257.0,51.50948125,-0.16095115,1.25734112,-0.00009430,-1.65094164
257.5,51.50948687,-0.16095112,1.24245846,0.02833856,2.16188928
258.0,51.50949244,-0.16095112,1.24824575,-0.00167788,1.59666326
258.5,51.50949810,-0.16095113,1.24743338,-0.03289074,-2.55440006
259.0,51.50950368,-0.16095118,1.25815243,0.02354825,2.20810385
259.5,51.50950930,-0.16095109,1.23452006,0.03336143,4.13035023
260.0,51.50951493,-0.16095087,1.25918449,-0.00637436,-1.09757228
260.5,51.50952052,-0.16095076,1.27183039,0.03737251,2.96021647
261.0,51.50952625,-0.16095041,1.19861298,0.05151209,1.51895899
261.5,51.50953177,-0.16095006,1.31712853,0.06351685,5.44580972
262.0,51.50953761,-0.16094956,1.21518375,0.06193419,2.23563213
262.5,51.50954318,-0.16094910,1.32663165,0.02736668,-1.74448566
263.0,51.50954904,-0.16094877,1.21892168,0.07830856,2.74013853
263.5,51.50955454,-0.16094837,1.30783655,0.03263718,-1.64066663
264.0,51.50956027,-0.16094818,1.18801455,0.04210850,3.40619599
264.5,51.50956572,-0.16094796,1.29493288,0.03157601,0.73181984
265.0,51.50957142,-0.16094783,1.19253122,-0.00700332,0.17155131
265.5,51.50957685,-0.16094788,1.27130045,0.01625858,1.80088756
266.0,51.50958256,-0.16094770,1.17244809,0.00421163,-0.76708884
266.5,51.50958744,-0.16094769,1.16713487,0.01638707,1.97710310
267.0,51.50959186,-0.16094773,0.73366645,-0.02737912,-2.00673085
267.5,51.50959465,-0.16094776,0.66455645,0.01688520,3.26188829
268.0,51.50959680,-0.16094777,0.21532007,-0.00581750,4.06924828
268.5,51.50959783,-0.16094774,0.34705072,0.02523171,15.94421724
269.0,51.50959910,-0.16094720,0.12878003,0.08995814,28.80146073
269.5,51.50959985,-0.16094622,0.26274558,0.17702013,45.14182873
270.0,51.50960077,-0.16094466,0.06131397,0.18027051,60.97858706
270.5,51.50960105,-0.16094321,0.14417023,0.26471289,72.53082563
271.0,51.50960139,-0.16094132,-0.01896067,0.23757050,88.25490870
271.5,51.50960123,-0.16093964,-0.02271277,0.28735041,105.72408850
272.0,51.50960086,-0.16093766,-0.15242121,0.24247332,118.89925390
272.5,51.50960011,-0.16093600,-0.12468610,0.16844922,133.00496260
273.0,51.50959930,-0.16093490,-0.25860593,0.17684941,151.69538910
273.5,51.50959824,-0.16093412,-0.19597621,0.04398543,163.83784860
274.0,51.50959724,-0.16093393,-0.24583424,0.02821338,180.06085260
274.5,51.50959558,-0.16093384,-0.46598307,-0.01081234,180.75428300
275.0,51.50959285,-0.16093388,-0.61474103,0.00909020,179.76646540
275.5,51.50958929,-0.16093392,-1.03112279,-0.01578213,179.40601920
276.0,51.50958416,-0.16093401,-1.11306119,-0.02182295,182.74985420
276.5,51.50957879,-0.16093413,-1.34344386,-0.01173688,179.55180000
277.0,51.50957291,-0.16093407,-1.22453448,0.03048460,178.69221520
277.5,51.50956737,-0.16093389,-1.37012027,0.00697332,180.09037080
278.0,51.50956146,-0.16093377,-1.16920433,0.01584585,180.63615650
278.5,51.50955609,-0.16093367,-1.34932550,0.01982280,179.06521430
279.0,51.50955018,-0.16093364,-1.15457164,0.02312878,176.21469710
279.5,51.50954474,-0.16093354,-1.33952032,0.01188140,176.61911300
280.0,51.50953885,-0.16093348,-1.20558227,-0.01701480,180.01095090
280.5,51.50953333,-0.16093349,-1.29134648,-0.02055899,182.87499490
281.0,51.50952764,-0.16093351,-1.22646702,0.01636698,179.51620060
281.5,51.50952212,-0.16093339,-1.28118061,0.00309118,182.76805840
282.0,51.50951645,-0.16093340,-1.18780187,-0.02550646,184.82301120
282.5,51.50951100,-0.16093348,-1.28377040,0.01922445,180.62525700
283.0,51.50950532,-0.16093346,-1.23239258,0.00452857,180.61176190
283.5,51.50949973,-0.16093344,-1.23668010,0.01069775,178.48488550
284.0,51.50949412,-0.16093336,-1.23411561,0.01727567,178.23962140
284.5,51.50948856,-0.16093322,-1.26651380,0.02746993,176.40619310
285.0,51.50948294,-0.16093292,-1.24947387,0.03881154,178.10427380
285.5,51.50947737,-0.16093256,-1.26332632,0.05695288,176.14492230
286.0,51.50947172,-0.16093211,-1.19106051,0.06300577,177.07741850
286.5,51.50946628,-0.16093174,-1.29317841,0.02663374,179.75307110
287.0,51.50946053,-0.16093144,-1.23620783,0.06520824,175.96819570
287.5,51.50945491,-0.16093109,-1.23844178,0.04025753,177.94401900
288.0,51.50944924,-0.16093076,-1.27093766,0.02547874,179.85908680
288.5,51.50944357,-0.16093063,-1.28702284,0.05208956,174.47300410
289.0,51.50943786,-0.16093032,-1.21131569,0.03118582,176.82452340
289.5,51.50943232,-0.16093016,-1.30194419,0.03052362,174.28841280
290.0,51.50942653,-0.16093005,-1.22353888,-0.02852638,182.09260500
290.5,51.50942094,-0.16093010,-1.30326175,-0.00603555,179.21684780
291.0,51.50941514,-0.16093007,-1.26124399,0.02261784,179.28200400
291.5,51.50940948,-0.16092996,-1.26162919,-0.01180331,181.17586120
292.0,51.50940378,-0.16093006,-1.25659675,0.00483895,178.92406330
292.5,51.50939813,-0.16093010,-1.33260615,-0.00437104,178.57032100
293.0,51.50939228,-0.16093013,-1.19951142,-0.00944109,179.15398620
293.5,51.50938675,-0.16093025,-1.23900018,-0.02743280,180.48184870
294.0,51.50938123,-0.16093049,-1.29493439,-0.03743905,180.48927830
294.5,51.50937552,-0.16093070,-1.21935159,-0.03637958,181.91593840
295.0,51.50936996,-0.16093094,-1.23987735,-0.03970245,182.56677320
295.5,51.50936442,-0.16093122,-1.25274997,-0.05545666,185.17182950
296.0,51.50935878,-0.16093159,-1.21854982,-0.02238036,179.81037690
296.5,51.50935331,-0.16093168,-1.24337535,-0.03213606,184.91989550
297.0,51.50934770,-0.16093167,-1.23555318,0.02580885,178.93001250
297.5,51.50934220,-0.16093162,-1.25279276,0.01049003,181.47336680
298.0,51.50933651,-0.16093163,-1.20283906,-0.02036487,180.82113850
298.5,51.50933097,-0.16093179,-1.30486357,-0.01419312,181.74791740
299.0,51.50932528,-0.16093190,-1.23481571,-0.00928825,178.55119440
299.5,51.50931971,-0.16093215,-1.22622951,-0.02527806,178.54345110
300.0,51.50931417,-0.16093244,-1.24854080,-0.06422047,180.39898260
300.5,51.50930851,-0.16093266,-1.25581601,-0.04578819,184.21744040
301.0,51.50930288,-0.16093280,-1.27724384,-0.02144288,183.53947250
301.5,51.50929724,-0.16093299,-1.21428262,-0.00931840,182.17550650
302.0,51.50929173,-0.16093310,-1.25063864,-0.00397607,179.01115140
302.5,51.50928616,-0.16093310,-1.24384167,-0.00719196,181.76289320
303.0,51.50928059,-0.16093306,-1.20550781,-0.00237836,181.39268340
303.5,51.50927507,-0.16093314,-1.25919442,0.00577307,179.72629190
304.0,51.50926951,-0.16093315,-1.23115660,-0.01354580,180.90834020
304.5,51.50926387,-0.16093319,-1.24462338,0.00110847,179.76702620
305.0,51.50925823,-0.16093312,-1.22827176,0.00100298,181.95920370
305.5,51.50925334,-0.16093303,-1.08562187,0.01603879,180.60260060
306.0,51.50924923,-0.16093285,-0.78738793,0.03124396,180.86457840
306.5,51.50924632,-0.16093281,-0.54060662,0.00093331,180.35621660
307.0,51.50924456,-0.16093279,-0.29271479,0.00439711,180.48595970
307.5,51.50924333,-0.16093253,-0.22961206,0.06358044,164.24757210
308.0,51.50924233,-0.16093190,-0.20736825,0.10837216,148.99746500
308.5,51.50924152,-0.16093087,-0.17697884,0.17289199,136.24810580
309.0,51.50924086,-0.16092940,-0.11059829,0.20712689,121.98988640
309.5,51.50924044,-0.16092778,-0.08459179,0.25950622,104.56409070
310.0,51.50924025,-0.16092603,0.00325781,0.22666764,88.27958081
310.5,51.50924044,-0.16092431,0.05669771,0.24017036,75.51486550
311.0,51.50924080,-0.16092258,0.11835634,0.25661798,62.13594307
311.5,51.50924142,-0.16092093,0.11970072,0.14402196,46.02038680
312.0,51.50924220,-0.16091993,0.22862068,0.18389691,30.58391876
312.5,51.50924319,-0.16091891,0.21224663,0.07539350,12.88094100
313.0,51.50924415,-0.16091856,0.23284430,0.05158873,0.39189319
313.5,51.50924580,-0.16091831,0.39263044,0.00770960,-2.04019309
314.0,51.50924837,-0.16091816,0.72159310,0.03171982,-1.95097437
314.5,51.50925220,-0.16091798,0.90961845,0.03412898,4.17357231
315.0,51.50925699,-0.16091781,1.24796180,0.02681774,-0.29486864
315.5,51.50926259,-0.16091769,1.18324309,-0.00193202,1.55148594
316.0,51.50926805,-0.16091759,1.24971922,0.04037770,1.85607046
316.5,51.50927362,-0.16091743,1.29742031,-0.02256760,-2.77868423
317.0,51.50927940,-0.16091747,1.23139264,0.01858253,0.65980645
317.5,51.50928502,-0.16091732,1.26678039,0.03926681,2.68191339
318.0,51.50929067,-0.16091716,1.26071770,0.04119113,6.26579928
318.5,51.50929631,-0.16091700,1.27153374,-0.00245942,1.28936046
319.0,51.50930197,-0.16091699,1.25132102,-0.01658412,0.95699896
319.5,51.50930759,-0.16091706,1.24317743,-0.00290747,0.24666941
320.0,51.50931322,-0.16091706,1.25146605,-0.01069562,-0.28602066
320.5,51.50931888,-0.16091710,1.24336860,0.00979592,1.35417935
321.0,51.50932449,-0.16091711,1.27154775,-0.03185437,-3.43749687
321.5,51.50933013,-0.16091725,1.21370150,0.00643992,1.80398734
322.0,51.50933559,-0.16091723,1.26940142,0.01151771,0.89699512
322.5,51.50934124,-0.16091725,1.21110021,-0.03140190,-1.36454895
323.0,51.50934678,-0.16091747,1.26587250,-0.01494670,0.36936659
323.5,51.50935244,-0.16091762,1.24739236,-0.02181981,0.42085720
324.0,51.50935802,-0.16091769,1.23574170,-0.02521806,-2.61986619
324.5,51.50936363,-0.16091784,1.22836258,-0.02158487,-1.97448022
325.0,51.50936926,-0.16091810,1.28741048,-0.02806732,-0.97210966
325.5,51.50937498,-0.16091834,1.24940432,-0.02334587,0.76448625
326.0,51.50938063,-0.16091833,1.24817058,0.01510298,1.89297251
326.5,51.50938625,-0.16091835,1.27867234,-0.00903552,1.16050087
327.0,51.50939199,-0.16091842,1.27206359,-0.02612789,-1.37862827
327.5,51.50939771,-0.16091856,1.23115713,-0.00397240,1.75918939
328.0,51.50940324,-0.16091863,1.25876370,-0.00917161,0.60775185
328.5,51.50940883,-0.16091871,1.25347864,-0.01454519,1.02539700
329.0,51.50941441,-0.16091884,1.21908264,-0.01156447,1.21982929
329.5,51.50941992,-0.16091895,1.30690806,-0.02699780,-0.14495766
330.0,51.50942573,-0.16091899,1.19080860,-0.00656114,-0.78094723
330.5,51.50943119,-0.16091893,1.30690924,0.01945810,0.62916707
331.0,51.50943690,-0.16091876,1.20154649,0.02471999,0.22344655
331.5,51.50944248,-0.16091856,1.23840118,0.03509394,1.92783962
332.0,51.50944804,-0.16091844,1.24816914,0.00688856,-0.21406994
332.5,51.50945364,-0.16091837,1.24578687,0.00791239,0.52899501
333.0,51.50945929,-0.16091842,1.27940894,-0.01352716,-1.20195398
333.5,51.50946495,-0.16091847,1.23193041,0.00048508,0.95682821
334.0,51.50947050,-0.16091845,1.26224720,-0.00280629,-1.38904216
334.5,51.50947620,-0.16091852,1.19812872,-0.02206391,-1.82887331
335.0,51.50948164,-0.16091859,1.31092811,0.00023487,-1.37781303
335.5,51.50948741,-0.16091856,1.19904479,0.01639292,0.83006642
336.0,51.50949288,-0.16091851,1.27904411,0.00591507,0.00280362
336.5,51.50949856,-0.16091838,1.20263456,0.00430855,-1.67910923
337.0,51.50950411,-0.16091836,1.27436232,0.00203957,-1.86062934
337.5,51.50950978,-0.16091844,1.26676045,-0.00396667,-0.23786713
338.0,51.50951543,-0.16091839,1.23307580,0.00143728,-2.03257662
338.5,51.50952102,-0.16091842,1.25050046,-0.00954278,-1.74381999
339.0,51.50952656,-0.16091845,1.25830036,0.04062341,4.52746400
339.5,51.50953222,-0.16091835,1.19549286,-0.00892361,0.37026584
340.0,51.50953769,-0.16091840,1.28518927,-0.04636822,-4.18025376
340.5,51.50954340,-0.16091854,1.23185054,0.00740441,-0.42097012
341.0,51.50954898,-0.16091843,1.23703802,0.02662576,-0.11513531
341.5,51.50955462,-0.16091832,1.26086628,-0.00671575,-2.71009536
342.0,51.50956035,-0.16091838,1.24470031,-0.00257588,-1.70635084
342.5,51.50956592,-0.16091845,1.29898173,0.00832979,1.41321585
343.0,51.50957164,-0.16091842,1.22125711,-0.01306391,-2.20454307
343.5,51.50957716,-0.16091842,1.24355212,0.00512252,0.08347603
344.0,51.50958270,-0.16091859,1.24600441,-0.04285672,-4.23540344
344.5,51.50958771,-0.16091883,1.03445807,-0.02928999,-1.80400209
345.0,51.50959170,-0.16091892,0.82570539,-0.00226916,-3.27431505
345.5,51.50959470,-0.16091893,0.54385930,0.00493131,0.09293448
346.0,51.50959651,-0.16091894,0.28566850,0.00107330,-2.14130701
346.5,51.50959765,-0.16091871,0.21878677,0.06250427,16.23257276
347.0,51.50959860,-0.16091803,0.14778337,0.10296632,31.15978279
347.5,51.50959927,-0.16091720,0.23434146,0.17392120,40.28332741
348.0,51.50960008,-0.16091581,0.06268358,0.15925496,55.47769633
348.5,51.50960037,-0.16091455,0.09763674,0.21256223,75.48254053
349.0,51.50960059,-0.16091290,-0.01819940,0.24129491,91.27077502
349.5,51.50960045,-0.16091121,-0.03165366,0.22469143,105.19954120
350.0,51.50960015,-0.16090970,-0.10303844,0.18849380,117.91052100
350.5,51.50959956,-0.16090844,-0.14070444,0.16494607,132.30377770
351.0,51.50959875,-0.16090741,-0.19371295,0.10490255,152.63064500
351.5,51.50959779,-0.16090684,-0.25791139,0.08384868,165.07763850
352.0,51.50959666,-0.16090656,-0.23010385,-0.00851490,180.96629990
352.5,51.50959502,-0.16090667,-0.45715979,-0.01115974,183.14297880
353.0,51.50959230,-0.16090685,-0.68938769,-0.03585890,181.12468600
353.5,51.50958846,-0.16090711,-0.99023296,-0.02881680,181.33709070
354.0,51.50958344,-0.16090739,-1.12412527,-0.06085780,184.06553200
354.5,51.50957816,-0.16090757,-1.34333566,0.00010820,179.17018370
355.0,51.50957235,-0.16090762,-1.18403527,-0.00057373,180.47090230
355.5,51.50956689,-0.16090760,-1.31445158,-0.02179273,182.33137360
356.0,51.50956114,-0.16090768,-1.21921451,0.00218901,181.21485150
356.5,51.50955561,-0.16090775,-1.21542974,0.00101467,178.86848740
357.0,51.50955002,-0.16090780,-1.30541575,-0.00251587,178.98734910
357.5,51.50954423,-0.16090770,-1.22022863,-0.00839454,182.25794640
358.0,51.50953865,-0.16090759,-1.31824220,0.03509810,179.10652680
358.5,51.50953284,-0.16090732,-1.23074809,0.03762606,180.36336380
359.0,51.50952720,-0.16090712,-1.26568675,0.00918121,181.96926240
359.5,51.50952154,-0.16090700,-1.30823736,0.01607200,182.29260800
360.0,51.50951576,-0.16090695,-1.24974602,0.01479445,180.41694280
360.5,51.50951011,-0.16090689,-1.26485644,-0.01575751,184.83431480
361.0,51.50950444,-0.16090701,-1.25116726,-0.00006486,180.30576330
361.5,51.50949883,-0.16090708,-1.26798346,0.00477555,180.29238420
362.0,51.50949311,-0.16090705,-1.22571431,-0.01595493,181.66587880
362.5,51.50948760,-0.16090711,-1.30307338,-0.00226628,181.67431950
363.0,51.50948181,-0.16090709,-1.22295272,0.01432982,179.38234550
363.5,51.50947627,-0.16090701,-1.23044794,0.00155431,181.81009560
364.0,51.50947076,-0.16090702,-1.29299136,0.00682851,178.74543220
364.5,51.50946502,-0.16090697,-1.18894493,0.00611129,180.85214470
365.0,51.50945952,-0.16090687,-1.30583575,0.00120214,181.02021950
365.5,51.50945378,-0.16090686,-1.24276966,0.00912348,181.08450890
366.0,51.50944805,-0.16090683,-1.26823723,0.00001190,180.78216210
366.5,51.50944240,-0.16090679,-1.27310465,0.03853151,176.17840100
367.0,51.50943675,-0.16090663,-1.22603900,0.00882865,178.63925520
367.5,51.50943116,-0.16090640,-1.24049803,0.01742333,180.19029350
368.0,51.50942558,-0.16090630,-1.29004186,0.03113700,177.83044400
368.5,51.50941986,-0.16090620,-1.20251821,0.02098664,176.29534820
369.0,51.50941437,-0.16090622,-1.29384354,-0.02459398,179.80994450
369.5,51.50940863,-0.16090619,-1.22229295,-0.01344434,181.98264040
370.0,51.50940312,-0.16090617,-1.26944601,0.00437124,182.29521700
370.5,51.50939754,-0.16090612,-1.23909202,0.00089661,182.67379960
371.0,51.50939197,-0.16090611,-1.21831590,0.00787927,182.00508700
371.5,51.50938645,-0.16090617,-1.22956933,-0.01286964,182.45744560
372.0,51.50938087,-0.16090620,-1.23675095,0.00199087,181.50713180
372.5,51.50937538,-0.16090626,-1.27388682,0.00412572,179.32138940
373.0,51.50936969,-0.16090621,-1.18517550,0.00618910,180.10962050
373.5,51.50936426,-0.16090606,-1.30112091,0.02627652,179.00818990
374.0,51.50935851,-0.16090586,-1.17920915,0.01956453,180.93397120
374.5,51.50935306,-0.16090569,-1.30087800,0.03392279,178.20698490
375.0,51.50934729,-0.16090549,-1.22332760,0.03547975,178.35706840
375.5,51.50934174,-0.16090532,-1.24643244,0.02070776,177.19133710
376.0,51.50933607,-0.16090514,-1.27351966,0.01926657,179.49742860
376.5,51.50933037,-0.16090491,-1.28281175,-0.00716584,184.48323780
377.0,51.50932469,-0.16090497,-1.19720241,0.02531532,178.80472290
377.5,51.50931923,-0.16090485,-1.31699886,0.00677737,181.80513480
378.0,51.50931350,-0.16090477,-1.20396912,-0.00309937,182.05391750
378.5,51.50930792,-0.16090471,-1.27582996,0.03581291,179.18002360
379.0,51.50930226,-0.16090455,-1.25211118,0.01902872,179.28196750
379.5,51.50929658,-0.16090461,-1.22504503,-0.02870545,181.96458410
380.0,51.50929105,-0.16090480,-1.30914222,-0.02696981,180.99772010
380.5,51.50928525,-0.16090500,-1.22920790,-0.03852068,183.74834780
381.0,51.50927969,-0.16090526,-1.27816040,-0.03395321,181.78486860
381.5,51.50927403,-0.16090544,-1.20236210,0.01843222,176.77993720
382.0,51.50926849,-0.16090551,-1.24490076,-0.03903756,180.80895740
382.5,51.50926290,-0.16090566,-1.30431909,-0.02130735,180.31010370
383.0,51.50925714,-0.16090590,-1.20304367,-0.02028265,178.89255330
383.5,51.50925222,-0.16090589,-1.08748195,0.00456451,178.22371010
384.0,51.50924813,-0.16090577,-0.82181028,0.00985511,180.31931120
384.5,51.50924510,-0.16090568,-0.49294699,0.01281340,178.98452590
385.0,51.50924343,-0.16090564,-0.34402301,0.00727512,178.98743260
385.5,51.50924204,-0.16090541,-0.19175130,0.05894013,159.53887860
386.0,51.50924114,-0.16090472,-0.27745158,0.13402845,145.34742910
386.5,51.50924010,-0.16090366,-0.12879849,0.13455865,136.24027540
387.0,51.50923959,-0.16090236,-0.15141284,0.21341876,118.37784060
387.5,51.50923912,-0.16090070,-0.05104230,0.25903448,105.51427390
388.0,51.50923899,-0.16089873,-0.01696974,0.25553047,88.63601044
388.5,51.50923907,-0.16089691,0.05556296,0.25584267,74.73013824
389.0,51.50923943,-0.16089513,0.09370041,0.23415851,59.64145999
389.5,51.50924005,-0.16089373,0.16738434,0.18480919,47.62606359
390.0,51.50924087,-0.16089256,0.18023108,0.12667870,31.00287650
390.5,51.50924182,-0.16089181,0.24978014,0.10029712,16.67070751
391.0,51.50924297,-0.16089150,0.24670323,-0.00702097,-4.53081723
391.5,51.50924465,-0.16089144,0.41516842,0.01406387,-2.81376308
392.0,51.50924728,-0.16089123,0.75881412,0.02373088,-2.78500562
392.5,51.50925128,-0.16089109,0.89243347,0.02796486,-0.68230549
393.0,51.50925612,-0.16089104,1.21970545,0.01197649,0.91358909
393.5,51.50926162,-0.16089100,1.31210159,-0.00527880,-1.54420818
394.0,51.50926738,-0.16089114,1.26341819,-0.02991518,-1.46100239
394.5,51.50927308,-0.16089149,1.19357107,-0.03558355,-0.40517657
395.0,51.50927848,-0.16089166,1.31843439,-0.02809700,-0.72246287
395.5,51.50928423,-0.16089169,1.22257040,-0.02053083,-4.18629014
396.0,51.50928979,-0.16089184,1.23876763,-0.03702659,-5.90565555
396.5,51.50929535,-0.16089203,1.22212312,0.00466603,-1.52679675
397.0,51.50930090,-0.16089218,1.26845518,-0.02071573,-1.96772893
397.5,51.50930652,-0.16089237,1.21293372,-0.01777257,0.34145661
398.0,51.50931207,-0.16089251,1.24631161,-0.02426502,-1.57867200
398.5,51.50931771,-0.16089262,1.24960703,-0.02226369,-1.62635168
399.0,51.50932340,-0.16089282,1.28502920,-0.03470250,-3.58578348
399.5,51.50932907,-0.16089297,1.25586494,-0.00357650,-0.00690552
400.0,51.50933466,-0.16089289,1.25910422,0.02573209,-0.16677763
400.5,51.50934034,-0.16089283,1.22426643,-0.00160489,0.24145231
401.0,51.50934584,-0.16089279,1.24917378,0.03135244,2.90947207
401.5,51.50935149,-0.16089265,1.23231602,-0.02200969,-3.41826649
402.0,51.50935710,-0.16089282,1.22890851,0.00064235,2.35796061
402.5,51.50936261,-0.16089298,1.30544207,-0.02523907,-0.69078728
403.0,51.50936840,-0.16089323,1.18503259,-0.06073584,-1.84349772
403.5,51.50937383,-0.16089367,1.35723676,-0.03302548,1.07147748
404.0,51.50937972,-0.16089397,1.15002390,-0.07686533,-4.31896952
404.5,51.50938511,-0.16089435,1.31870294,-0.04014005,-1.38851834
405.0,51.50939081,-0.16089450,1.16974804,0.00504267,0.42214415
405.5,51.50939624,-0.16089457,1.25286512,-0.01590495,0.43474152
406.0,51.50940184,-0.16089460,1.23359718,0.01672260,2.87673932
406.5,51.50940740,-0.16089453,1.25409440,-0.01143204,-0.72365792
407.0,51.50941299,-0.16089454,1.23345620,-0.02687393,-3.70579946
407.5,51.50941860,-0.16089468,1.20266760,0.01559799,1.37350546
408.0,51.50942414,-0.16089462,1.32532078,-0.00040116,-0.94460140
408.5,51.50942994,-0.16089455,1.18257710,0.01504239,1.13243930
409.0,51.50943533,-0.16089445,1.28707363,0.00974637,-1.16459909
409.5,51.50944108,-0.16089430,1.20688595,0.00174518,-2.76265980
410.0,51.50944663,-0.16089428,1.26680473,0.02086629,-0.85478665
410.5,51.50945223,-0.16089414,1.26082324,0.03445157,1.93498531
411.0,51.50945787,-0.16089397,1.24455669,0.04455007,4.36115306
411.5,51.50946345,-0.16089369,1.21768273,-0.00428609,-2.36350657
412.0,51.50946895,-0.16089364,1.26228649,-0.00625246,-2.97255495
412.5,51.50947460,-0.16089357,1.23268799,0.03489417,-0.30738786
413.0,51.50948011,-0.16089337,1.25554212,0.05113222,3.37176555
413.5,51.50948577,-0.16089318,1.21616901,0.00626685,-0.17686737
414.0,51.50949124,-0.16089312,1.29154746,0.00087835,0.22144165
414.5,51.50949697,-0.16089317,1.15407330,-0.01136816,-1.66727322
415.0,51.50950232,-0.16089328,1.29249004,-0.00520215,1.77202347
415.5,51.50950801,-0.16089336,1.19399306,-0.00120044,1.29985945
416.0,51.50951354,-0.16089347,1.29924754,-0.03639909,-0.19008115
416.5,51.50951920,-0.16089352,1.19033365,-0.00858412,-1.89399375
417.0,51.50952465,-0.16089366,1.25865140,-0.01285232,0.38997129
417.5,51.50953026,-0.16089389,1.20986229,-0.04248541,-2.40225351
418.0,51.50953577,-0.16089408,1.28987857,-0.05495721,-5.32132509
418.5,51.50954150,-0.16089437,1.17384020,0.01489889,2.16177005
419.0,51.50954692,-0.16089429,1.29348628,-0.02368402,-4.64380302
419.5,51.50955261,-0.16089433,1.20224528,0.00277631,-0.85900206
420.0,51.50955809,-0.16089442,1.26853906,0.01894570,1.42010419
420.5,51.50956370,-0.16089431,1.21684702,-0.00081027,0.32962940
421.0,51.50956925,-0.16089422,1.27889960,0.01172731,-0.75703313
421.5,51.50957493,-0.16089407,1.19087285,-0.00487252,-4.65184696
422.0,51.50958043,-0.16089410,1.25491348,0.01704943,-0.57946524
422.5,51.50958541,-0.16089408,1.07880782,0.00922085,-0.67367402
423.0,51.50958953,-0.16089413,0.76811256,-0.01892223,-1.74632278
423.5,51.50959235,-0.16089428,0.59256674,-0.00147434,2.05200989
424.0,51.50959440,-0.16089427,0.28601842,-0.01875712,-4.05132769
424.5,51.50959538,-0.16089438,0.18082907,-0.00549252,-3.17489861
425.0,51.50959586,-0.16089446,-0.02942706,-0.00894295,1.46623193
